"player_id","player","week","position","stock_value","stock_change","last_game_delta","avg_epa","yards","tds","espnId"
"A.Dalton","A.Dalton","4","","0.0502","0.0","0.0","1.6523","0.0","0","14012"
"A.Dalton","A.Dalton","7","","0.7225","0.6723","0.74262","-0.3393","0.0","0","14012"
"A.Richardson","A.Richardson","5","","-0.0362","0.0","0.0","-0.6058","0.0","0","4685183"
"A.Rodgers","A.Rodgers","1","","0.0095","0.0","0.0","0.3001","0.0","0","8439"
"A.Rodgers","A.Rodgers","2","","0.1354","0.1259","0.1413","-0.2077","0.0","0","8439"
"A.Rodgers","A.Rodgers","3","","-0.084","-0.2194","-0.08457","0.0084","0.0","0","8439"
"A.Rodgers","A.Rodgers","4","","0.0168","0.1008","0.01155","0.1583","0.0","0","8439"
"A.Rodgers","A.Rodgers","6","","0.0979","0.0811","0.07821","0.32","0.0","0","8439"
"A.Rodgers","A.Rodgers","7","","0.1741","0.0762","0.15012","0.3915","0.0","0","8439"
"B.Mayfield","B.Mayfield","1","","0.0057","0.0","0.0","0.1747","0.0","0","3052587"
"B.Mayfield","B.Mayfield","2","","0.0854","0.0797","0.08553","-0.015","0.0","0","3052587"
"B.Mayfield","B.Mayfield","3","","0.0099","-0.0755","0.00117","0.2756","0.0","0","3052587"
"B.Mayfield","B.Mayfield","4","","0.1269","0.117","0.13038","-0.1295","0.0","0","3052587"
"B.Mayfield","B.Mayfield","5","","-0.0046","-0.1315","-0.04977","0.7423","0.0","0","3052587"
"B.Mayfield","B.Mayfield","6","","0.3686","0.3732","0.33792","0.5028","0.0","0","3052587"
"B.Mayfield","B.Mayfield","7","","0.1997","-0.1689","0.23142","-0.5318","0.0","0","3052587"
"B.Nix","B.Nix","1","","-0.0052","0.0","0.0","-0.1867","0.0","0","4426338"
"B.Nix","B.Nix","2","","-0.0664","-0.0612","-0.07521","0.2782","0.0","0","4426338"
"B.Nix","B.Nix","3","","0.1302","0.1966","0.13152","-0.0565","0.0","0","4426338"
"B.Nix","B.Nix","4","","-0.0074","-0.1376","-0.01731","0.3162","0.0","0","4426338"
"B.Nix","B.Nix","5","","0.1549","0.1623","0.14844","0.101","0.0","0","4426338"
"B.Nix","B.Nix","6","","0.0536","-0.1013","0.05274","0.009","0.0","0","4426338"
"B.Nix","B.Nix","7","","0.0106","-0.043","0.01182","-0.0261","0.0","0","4426338"
"B.Purdy","B.Purdy","1","","0.0116","0.0","0.0","0.3703","0.0","0","4361741"
"B.Purdy","B.Purdy","4","","0.1715","0.1599","0.17247","-0.0452","0.0","0","4361741"
"B.Rypien","B.Rypien","3","","-0.0369","0.0","0.0","-1.2379","0.0","0","3722362"
"B.Young","B.Young","1","","-0.0125","0.0","0.0","-0.4279","0.0","0",""
"B.Young","B.Young","2","","-0.1804","-0.1679","-0.18246","0.0558","0.0","0",""
"B.Young","B.Young","3","","0.03","0.2104","0.03261","-0.0994","0.0","0",""
"B.Young","B.Young","4","","-0.0447","-0.0747","-0.03636","-0.2883","0.0","0",""
"B.Young","B.Young","5","","-0.1224","-0.0777","-0.12039","-0.0395","0.0","0",""
"B.Young","B.Young","6","","-0.0043","0.1181","-0.00978","0.0847","0.0","0",""
"B.Young","B.Young","7","","0.0461","0.0504","0.04548","0.0042","0.0","0",""
"C.Akers","C.Akers","5","","0.1","0.0","0.0","3.26","0.0","0","4240021"
"C.Kupp","C.Kupp","7","","-0.1","0.0","0.0","-5.3702","0.0","0","2977187"
"C.Olave","C.Olave","4","","-0.1","0.0","0.0","-3.5951","0.0","0","4361370"
"C.Rush","C.Rush","4","","-0.0132","0.0","0.0","-0.4499","0.0","0",""
"C.Rush","C.Rush","5","","-0.2146","-0.2014","-0.19227","-0.376","0.0","0",""
"C.Rush","C.Rush","6","","-0.1949","0.0197","-0.15936","-0.5952","0.0","0",""
"C.Stroud","C.Stroud","1","","-0.0083","0.0","0.0","-0.2866","0.0","0",""
"C.Stroud","C.Stroud","2","","-0.124","-0.1157","-0.11964","-0.1601","0.0","0",""
"C.Stroud","C.Stroud","3","","-0.0695","0.0545","-0.06336","-0.217","0.0","0",""
"C.Stroud","C.Stroud","4","","-0.0802","-0.0107","-0.08865","0.2649","0.0","0",""
"C.Stroud","C.Stroud","5","","0.164","0.2442","0.12561","0.6292","0.0","0",""
"C.Stroud","C.Stroud","7","","0.2726","0.1086","0.28764","-0.2552","0.0","0",""
"C.Ward","C.Ward","1","","-0.0115","0.0","0.0","-0.3938","0.0","0",""
"C.Ward","C.Ward","2","","-0.1723","-0.1608","-0.16731","-0.1772","0.0","0",""
"C.Ward","C.Ward","3","","-0.0796","0.0927","-0.07098","-0.2982","0.0","0",""
"C.Ward","C.Ward","4","","-0.1423","-0.0627","-0.1248","-0.593","0.0","0",""
"C.Ward","C.Ward","5","","-0.2532","-0.1109","-0.2559","0.039","0.0","0",""
"C.Ward","C.Ward","6","","0.0054","0.2586","0.02514","-0.3337","0.0","0",""
"C.Ward","C.Ward","7","","-0.1584","-0.1638","-0.14055","-0.3011","0.0","0",""
"C.Wentz","C.Wentz","3","","0.0128","0.0","0.0","0.4106","0.0","0","2573079"
"C.Wentz","C.Wentz","4","","0.1926","0.1798","0.19041","0.0599","0.0","0","2573079"
"C.Wentz","C.Wentz","5","","0.049","-0.1436","0.03444","0.2351","0.0","0","2573079"
"C.Wentz","C.Wentz","7","","0.1097","0.0607","0.11238","-0.0517","0.0","0","2573079"
"C.Williams","C.Williams","1","","-0.0053","0.0","0.0","-0.19","0.0","0",""
"C.Williams","C.Williams","2","","-0.0772","-0.0719","-0.07665","-0.0284","0.0","0",""
"C.Williams","C.Williams","3","","0.015","0.0922","-0.0048","0.6421","0.0","0",""
"C.Williams","C.Williams","4","","0.2929","0.2779","0.29337","-0.0287","0.0","0",""
"C.Williams","C.Williams","6","","0.0014","-0.2915","-0.00495","0.0993","0.0","0",""
"C.Williams","C.Williams","7","","0.0572","0.0558","0.05196","0.0796","0.0","0",""
"D.Gabriel","D.Gabriel","2","","0.0348","0.0","0.0","1.1407","0.0","0","4427238"
"D.Gabriel","D.Gabriel","4","","0.4789","0.4441","0.5151","-1.2131","0.0","0","4427238"
"D.Gabriel","D.Gabriel","5","","-0.5351","-1.014","-0.53163","-0.0651","0.0","0","4427238"
"D.Gabriel","D.Gabriel","6","","-0.0352","0.4999","-0.02115","-0.2393","0.0","0","4427238"
"D.Gabriel","D.Gabriel","7","","-0.0956","-0.0604","-0.09858","0.0425","0.0","0","4427238"
"D.Henry","D.Henry","3","","-0.0135","0.0","0.0","-0.4591","0.0","0","3046439"
"D.Jones","D.Jones","1","","0.0135","0.0","0.0","0.4333","0.0","0",""
"D.Jones","D.Jones","2","","0.2103","0.1968","0.20049","0.313","0.0","0",""
"D.Jones","D.Jones","3","","0.1605","-0.0498","0.147","0.4327","0.0","0",""
"D.Jones","D.Jones","4","","0.1976","0.0371","0.20025","-0.1033","0.0","0",""
"D.Jones","D.Jones","5","","-0.0144","-0.212","-0.0381","0.3862","0.0","0",""
"D.Jones","D.Jones","6","","0.1855","0.1999","0.17958","0.0919","0.0","0",""
"D.Jones","D.Jones","7","","0.074","-0.1115","0.04869","0.4128","0.0","0",""
"D.Lock","D.Lock","3","","-0.0086","0.0","0.0","-0.2976","0.0","0","3924327"
"D.Maye","D.Maye","1","","0.0002","0.0","0.0","-0.0065","0.0","0","4431452"
"D.Maye","D.Maye","2","","0.0227","0.0225","0.00492","0.5766","0.0","0","4431452"
"D.Maye","D.Maye","3","","0.2656","0.2429","0.26421","0.0336","0.0","0","4431452"
"D.Maye","D.Maye","4","","0.0555","-0.2101","0.02277","1.0709","0.0","0","4431452"
"D.Maye","D.Maye","5","","0.4922","0.4367","0.48405","0.1287","0.0","0","4431452"
"D.Maye","D.Maye","6","","0.1043","-0.3879","0.06504","0.6447","0.0","0","4431452"
"D.Maye","D.Maye","7","","0.3167","0.2124","0.29451","0.361","0.0","0","4431452"
"D.Mills","D.Mills","5","","0.0114","0.0","0.0","0.1822","0.0","0",""
"D.Montgomery","D.Montgomery","5","","0.0832","0.0","0.0","1.3731","0.0","0",""
"D.Prescott","D.Prescott","1","","0.0019","0.0","0.0","0.0487","0.0","0","2577417"
"D.Prescott","D.Prescott","2","","0.0354","0.0335","0.02946","0.1836","0.0","0","2577417"
"D.Prescott","D.Prescott","3","","0.0886","0.0532","0.08946","-0.0441","0.0","0","2577417"
"D.Prescott","D.Prescott","4","","0.0051","-0.0835","-0.01179","0.5471","0.0","0","2577417"
"D.Prescott","D.Prescott","5","","0.2753","0.2702","0.25113","0.395","0.0","0","2577417"
"D.Prescott","D.Prescott","6","","0.2154","-0.0599","0.18345","0.5219","0.0","0","2577417"
"D.Prescott","D.Prescott","7","","0.2543","0.0389","0.23991","0.232","0.0","0","2577417"
"G.Smith","G.Smith","1","","0.0123","0.0","0.0","0.3933","0.0","0",""
"G.Smith","G.Smith","2","","0.168","0.1557","0.18273","-0.5015","0.0","0",""
"G.Smith","G.Smith","3","","-0.2043","-0.3723","-0.21519","0.3497","0.0","0",""
"G.Smith","G.Smith","4","","0.15","0.3543","0.16335","-0.4578","0.0","0",""
"G.Smith","G.Smith","5","","-0.2119","-0.3619","-0.19578","-0.2726","0.0","0",""
"G.Smith","G.Smith","6","","-0.1116","0.1003","-0.1134","0.0228","0.0","0",""
"G.Smith","G.Smith","7","","-0.0162","0.0954","0.01794","-0.5712","0.0","0",""
"J.Allen","J.Allen","1","","0.009","0.0","0.0","0.2847","0.0","0",""
"J.Allen","J.Allen","2","","0.1322","0.1232","0.1344","-0.0864","0.0","0",""
"J.Allen","J.Allen","3","","-0.0195","-0.1517","-0.03063","0.355","0.0","0",""
"J.Allen","J.Allen","4","","0.172","0.1915","0.16569","0.1967","0.0","0",""
"J.Allen","J.Allen","5","","0.1077","-0.0643","0.09528","0.1987","0.0","0",""
"J.Allen","J.Allen","6","","0.0822","-0.0255","0.09618","-0.2389","0.0","0",""
"J.Brissett","J.Brissett","5","","-0.0466","0.0","0.0","-0.7791","0.0","0","2578570"
"J.Brissett","J.Brissett","6","","-0.3301","-0.2835","-0.33867","0.136","0.0","0","2578570"
"J.Brissett","J.Brissett","7","","0.0702","0.4003","0.06831","0.0247","0.0","0","2578570"
"J.Browning","J.Browning","2","","-0.0015","0.0","0.0","-0.0613","0.0","0","3886812"
"J.Browning","J.Browning","3","","-0.0518","-0.0503","-0.01941","-1.0858","0.0","0","3886812"
"J.Browning","J.Browning","4","","-0.4858","-0.434","-0.47505","-0.3698","0.0","0","3886812"
"J.Browning","J.Browning","5","","-0.1688","0.317","-0.15663","-0.2087","0.0","0","3886812"
"J.Burrow","J.Burrow","1","","0.0","0.0","0.0","-0.0128","0.0","0","3915511"
"J.Burrow","J.Burrow","2","","0.003","0.003","0.00216","0.0129","0.0","0","3915511"
"J.Daniels","J.Daniels","1","","0.0016","0.0","0.0","0.0414","0.0","0","4426348"
"J.Daniels","J.Daniels","2","","0.0214","0.0198","0.02622","-0.1725","0.0","0","4426348"
"J.Daniels","J.Daniels","5","","-0.0372","-0.0586","-0.06888","0.5188","0.0","0","4426348"
"J.Daniels","J.Daniels","6","","0.2523","0.2895","0.2385","0.2219","0.0","0","4426348"
"J.Daniels","J.Daniels","7","","0.0921","-0.1602","0.1065","-0.2451","0.0","0","4426348"
"J.Dart","J.Dart","4","","-0.0051","0.0","0.0","-0.1815","0.0","0","4689114"
"J.Dart","J.Dart","5","","-0.0998","-0.0947","-0.0729","-0.4519","0.0","0","4689114"
"J.Dart","J.Dart","6","","-0.1759","-0.0761","-0.19314","0.2792","0.0","0","4689114"
"J.Dart","J.Dart","7","","0.1457","0.3216","0.13197","0.2204","0.0","0","4689114"
"J.Dobbs","J.Dobbs","4","","-0.0254","0.0","0.0","-0.8546","0.0","0","3044720"
"J.Dobbs","J.Dobbs","7","","-0.2722","-0.2468","-0.37224","1.7749","0.0","0","3044720"
"J.Fields","J.Fields","1","","0.013","0.0","0.0","0.4189","0.0","0","4362887"
"J.Fields","J.Fields","2","","0.1724","0.1594","0.1941","-0.7327","0.0","0","4362887"
"J.Fields","J.Fields","4","","-0.3118","-0.4842","-0.318","0.1934","0.0","0","4362887"
"J.Fields","J.Fields","5","","0.0986","0.4104","0.09384","0.0737","0.0","0","4362887"
"J.Fields","J.Fields","6","","-0.0071","-0.1057","0.04062","-0.797","0.0","0","4362887"
"J.Fields","J.Fields","7","","-0.3833","-0.3762","-0.34662","-0.6156","0.0","0","4362887"
"J.Flacco","J.Flacco","1","","-0.0008","0.0","0.0","-0.0392","0.0","0","11252"
"J.Flacco","J.Flacco","2","","-0.0264","-0.0256","-0.0096","-0.5689","0.0","0","11252"
"J.Flacco","J.Flacco","3","","-0.2517","-0.2253","-0.24519","-0.2292","0.0","0","11252"
"J.Flacco","J.Flacco","4","","-0.11","0.1417","-0.09411","-0.5391","0.0","0","11252"
"J.Flacco","J.Flacco","6","","-0.2232","-0.1132","-0.23193","0.1382","0.0","0","11252"
"J.Flacco","J.Flacco","7","","0.0883","0.3115","0.0693","0.3091","0.0","0","11252"
"J.Goff","J.Goff","1","","0.0014","0.0","0.0","0.032","0.0","0","3046779"
"J.Goff","J.Goff","2","","0.0484","0.047","0.02202","0.8608","0.0","0","3046779"
"J.Goff","J.Goff","3","","0.4063","0.3579","0.39063","0.5089","0.0","0","3046779"
"J.Goff","J.Goff","4","","0.2334","-0.1729","0.23415","-0.0379","0.0","0","3046779"
"J.Goff","J.Goff","5","","0.0174","-0.216","-0.00903","0.4311","0.0","0","3046779"
"J.Goff","J.Goff","6","","0.2134","0.196","0.19953","0.2238","0.0","0","3046779"
"J.Goff","J.Goff","7","","0.0919","-0.1215","0.10734","-0.2617","0.0","0","3046779"
"J.Herbert","J.Herbert","1","","0.0147","0.0","0.0","0.4748","0.0","0",""
"J.Herbert","J.Herbert","2","","0.23","0.2153","0.21897","0.3506","0.0","0",""
"J.Herbert","J.Herbert","3","","0.1627","-0.0673","0.16374","-0.0461","0.0","0",""
"J.Herbert","J.Herbert","4","","-0.0271","-0.1898","-0.01266","-0.4912","0.0","0",""
"J.Herbert","J.Herbert","5","","-0.2322","-0.2051","-0.21063","-0.3645","0.0","0",""
"J.Herbert","J.Herbert","6","","-0.1432","0.089","-0.15426","0.1779","0.0","0",""
"J.Herbert","J.Herbert","7","","0.0933","0.2365","0.08691","0.1003","0.0","0",""
"J.Hurts","J.Hurts","1","","0.0024","0.0","0.0","0.0663","0.0","0","4040715"
"J.Hurts","J.Hurts","2","","0.0316","0.0292","0.03729","-0.2025","0.0","0","4040715"
"J.Hurts","J.Hurts","3","","-0.082","-0.1136","-0.08223","-0.0057","0.0","0","4040715"
"J.Hurts","J.Hurts","4","","0.0042","0.0862","0.00528","-0.0497","0.0","0","4040715"
"J.Hurts","J.Hurts","5","","-0.0132","-0.0174","-0.01431","0.0115","0.0","0","4040715"
"J.Hurts","J.Hurts","6","","0.0083","0.0215","0.01293","-0.0832","0.0","0","4040715"
"J.Hurts","J.Hurts","7","","0.0151","0.0068","-0.02916","0.7272","0.0","0","4040715"
"J.Karty","J.Karty","3","","-0.0896","0.0","0.0","-2.9846","0.0","0",""
"J.Love","J.Love","1","","0.0142","0.0","0.0","0.4575","0.0","0","4036378"
"J.Love","J.Love","2","","0.2178","0.2036","0.21129","0.2019","0.0","0","4036378"
"J.Love","J.Love","3","","0.097","-0.1208","0.09759","-0.0314","0.0","0","4036378"
"J.Love","J.Love","4","","0.009","-0.088","-0.00615","0.4875","0.0","0","4036378"
"J.Love","J.Love","6","","0.2414","0.2324","0.22461","0.2724","0.0","0","4036378"
"J.Love","J.Love","7","","0.1416","-0.0998","0.12897","0.2021","0.0","0","4036378"
"J.McCarthy","J.McCarthy","1","","-0.0115","0.0","0.0","-0.3927","0.0","0","4433970"
"J.McCarthy","J.McCarthy","2","","-0.1865","-0.175","-0.1668","-0.6654","0.0","0","4433970"
"J.Milton","J.Milton","3","","-0.004","0.0","0.0","-0.1452","0.0","0","4429012"
"J.Waddle","J.Waddle","6","","-0.0353","0.0","0.0","-0.5924","0.0","0","4372016"
"K.Cousins","K.Cousins","3","","-0.0127","0.0","0.0","-0.4348","0.0","0","14880"
"K.Murray","K.Murray","1","","0.0017","0.0","0.0","0.0448","0.0","0","3917315"
"K.Murray","K.Murray","2","","0.0353","0.0336","0.02775","0.2361","0.0","0","3917315"
"K.Murray","K.Murray","3","","0.1127","0.0774","0.11283","-0.0172","0.0","0","3917315"
"K.Murray","K.Murray","4","","-0.0015","-0.1142","0.00018","-0.0703","0.0","0","3917315"
"K.Murray","K.Murray","5","","-0.0196","-0.0181","-0.02346","0.0582","0.0","0","3917315"
"K.Pickett","K.Pickett","7","","-0.0223","0.0","0.0","-0.3768","0.0","0","4240703"
"L.Jackson","L.Jackson","1","","0.013","0.0","0.0","0.419","0.0","0",""
"L.Jackson","L.Jackson","2","","0.2033","0.1903","0.19413","0.292","0.0","0",""
"L.Jackson","L.Jackson","3","","0.1475","-0.0558","0.13764","0.3149","0.0","0",""
"L.Jackson","L.Jackson","4","","0.1414","-0.0061","0.14787","-0.227","0.0","0",""
"M.Brosmer","M.Brosmer","3","","-0.0284","0.0","0.0","-0.9557","0.0","0","4573398"
"M.Jones","M.Jones","2","","0.0023","0.0","0.0","0.064","0.0","0",""
"M.Jones","M.Jones","3","","0.0378","0.0355","0.03627","0.0358","0.0","0",""
"M.Jones","M.Jones","5","","0.041","0.0032","0.02373","0.28","0.0","0",""
"M.Jones","M.Jones","6","","0.1269","0.0859","0.13236","-0.0984","0.0","0",""
"M.Jones","M.Jones","7","","-0.0311","-0.158","-0.03594","0.0729","0.0","0",""
"M.Mariota","M.Mariota","3","","0.0152","0.0","0.0","0.4901","0.0","0","2576980"
"M.Mariota","M.Mariota","4","","0.2261","0.2109","0.22578","-0.0015","0.0","0","2576980"
"M.Mariota","M.Mariota","7","","-0.0633","-0.2894","0.00714","-1.1726","0.0","0","2576980"
"M.Penix","M.Penix","1","","0.0071","0.0","0.0","0.2238","0.0","0",""
"M.Penix","M.Penix","2","","0.0958","0.0887","0.10734","-0.3958","0.0","0",""
"M.Penix","M.Penix","3","","-0.1836","-0.2794","-0.16818","-0.5224","0.0","0",""
"M.Penix","M.Penix","4","","-0.2037","-0.0201","-0.22449","0.6773","0.0","0",""
"M.Penix","M.Penix","6","","0.3087","0.5124","0.30903","-0.0123","0.0","0",""
"M.Penix","M.Penix","7","","-0.0075","-0.3162","0.00234","-0.1684","0.0","0",""
"M.Rudolph","M.Rudolph","2","","-0.0013","0.0","0.0","-0.0562","0.0","0","3116407"
"M.Stafford","M.Stafford","1","","0.0023","0.0","0.0","0.0618","0.0","0","12483"
"M.Stafford","M.Stafford","2","","0.0444","0.0421","0.03528","0.2876","0.0","0","12483"
"M.Stafford","M.Stafford","3","","0.134","0.0896","0.13575","-0.0729","0.0","0","12483"
"M.Stafford","M.Stafford","4","","-0.0144","-0.1484","-0.0246","0.3249","0.0","0","12483"
"M.Stafford","M.Stafford","5","","0.1716","0.186","0.15228","0.314","0.0","0","12483"
"M.Stafford","M.Stafford","6","","0.15","-0.0216","0.14745","0.0343","0.0","0","12483"
"M.Stafford","M.Stafford","7","","0.0396","-0.1104","0.02307","0.2661","0.0","0","12483"
"M.Trubisky","M.Trubisky","2","","0.0384","0.0","0.0","1.2599","0.0","0","3039707"
"P.Mahomes","P.Mahomes","1","","0.0029","0.0","0.0","0.0821","0.0","0","3139477"
"P.Mahomes","P.Mahomes","2","","0.0377","0.0348","0.04434","-0.2308","0.0","0","3139477"
"P.Mahomes","P.Mahomes","3","","-0.088","-0.1257","-0.0948","0.211","0.0","0","3139477"
"P.Mahomes","P.Mahomes","4","","0.1149","0.2029","0.10167","0.426","0.0","0","3139477"
"P.Mahomes","P.Mahomes","5","","0.2016","0.0867","0.19728","0.065","0.0","0","3139477"
"P.Mahomes","P.Mahomes","6","","0.0656","-0.136","0.03672","0.4719","0.0","0","3139477"
"P.Mahomes","P.Mahomes","7","","0.2505","0.1849","0.21768","0.5372","0.0","0","3139477"
"Q.Ewers","Q.Ewers","7","","-0.0179","0.0","0.0","-0.304","0.0","0","4889929"
"R.Wilson","R.Wilson","1","","-0.0084","0.0","0.0","-0.2921","0.0","0",""
"R.Wilson","R.Wilson","2","","-0.11","-0.1016","-0.1221","0.388","0.0","0",""
"R.Wilson","R.Wilson","3","","0.1676","0.2776","0.18039","-0.4358","0.0","0",""
"R.Wilson","R.Wilson","4","","-0.2183","-0.3859","-0.186","-1.0843","0.0","0",""
"R.Wilson","R.Wilson","6","","-0.5744","-0.3561","-0.47439","-1.7682","0.0","0",""
"S.Darnold","S.Darnold","1","","-0.0123","0.0","0.0","-0.4216","0.0","0","3912547"
"S.Darnold","S.Darnold","2","","-0.1768","-0.1645","-0.17967","0.0815","0.0","0","3912547"
"S.Darnold","S.Darnold","3","","0.0729","0.2497","0.04407","0.9426","0.0","0","3912547"
"S.Darnold","S.Darnold","4","","0.4377","0.3648","0.42699","0.3421","0.0","0","3912547"
"S.Darnold","S.Darnold","5","","0.2019","-0.2358","0.15996","0.6886","0.0","0","3912547"
"S.Darnold","S.Darnold","6","","0.3371","0.1352","0.31404","0.3759","0.0","0","3912547"
"S.Darnold","S.Darnold","7","","0.1579","-0.1792","0.17496","-0.29","0.0","0","3912547"
"S.Rattler","S.Rattler","1","","-0.0021","0.0","0.0","-0.0838","0.0","0","4426339"
"S.Rattler","S.Rattler","2","","-0.0352","-0.0331","-0.02946","-0.2021","0.0","0","4426339"
"S.Rattler","S.Rattler","3","","-0.0806","-0.0454","-0.08205","0.0352","0.0","0","4426339"
"S.Rattler","S.Rattler","4","","0.0154","0.096","0.02346","-0.2803","0.0","0","4426339"
"S.Rattler","S.Rattler","5","","-0.1018","-0.1172","-0.11685","0.2413","0.0","0","4426339"
"S.Rattler","S.Rattler","6","","0.1124","0.2142","0.11511","-0.0516","0.0","0","4426339"
"S.Rattler","S.Rattler","7","","-0.0353","-0.1477","-0.01515","-0.34","0.0","0","4426339"
"T.Bagent","T.Bagent","2","","0.0094","0.0","0.0","0.2988","0.0","0","4434153"
"T.Hill","T.Hill","5","","0.1","0.0","0.0","1.8302","0.0","0",""
"T.Huntley","T.Huntley","6","","-0.0226","0.0","0.0","-0.3819","0.0","0",""
"T.Lance","T.Lance","5","","-0.0168","0.0","0.0","-0.2842","0.0","0","4383351"
"T.Lawrence","T.Lawrence","1","","0.0017","0.0","0.0","0.0424","0.0","0","4360310"
"T.Lawrence","T.Lawrence","2","","0.0305","0.0288","0.02664","0.1164","0.0","0","4360310"
"T.Lawrence","T.Lawrence","3","","0.0531","0.0226","0.05958","-0.2273","0.0","0","4360310"
"T.Lawrence","T.Lawrence","4","","-0.0877","-0.1408","-0.09327","0.1729","0.0","0","4360310"
"T.Lawrence","T.Lawrence","5","","0.0835","0.1712","0.08469","-0.0266","0.0","0","4360310"
"T.Lawrence","T.Lawrence","6","","-0.0041","-0.0876","-0.00399","-0.0079","0.0","0","4360310"
"T.Lawrence","T.Lawrence","7","","-0.0106","-0.0065","0.00432","-0.2533","0.0","0","4360310"
"T.Shough","T.Shough","3","","-0.0264","0.0","0.0","-0.8871","0.0","0","4360689"
"T.Tagovailoa","T.Tagovailoa","1","","-0.0157","0.0","0.0","-0.5323","0.0","0","4241479"
"T.Tagovailoa","T.Tagovailoa","2","","-0.2204","-0.2047","-0.2289","0.2684","0.0","0","4241479"
"T.Tagovailoa","T.Tagovailoa","3","","0.1277","0.3481","0.1272","0.0043","0.0","0","4241479"
"T.Tagovailoa","T.Tagovailoa","4","","0.0226","-0.1051","0.00975","0.4151","0.0","0","4241479"
"T.Tagovailoa","T.Tagovailoa","5","","0.2106","0.188","0.19242","0.2945","0.0","0","4241479"
"T.Tagovailoa","T.Tagovailoa","6","","0.1391","-0.0715","0.13878","-0.001","0.0","0","4241479"
"T.Tagovailoa","T.Tagovailoa","7","","-0.0489","-0.188","0.00738","-0.9396","0.0","0","4241479"
"T.Taylor","T.Taylor","2","","0.0129","0.0","0.0","0.4152","0.0","0",""
"T.Taylor","T.Taylor","3","","0.1869","0.174","0.19245","-0.1972","0.0","0",""
"T.Taylor","T.Taylor","7","","-0.0898","-0.2767","-0.07986","-0.1706","0.0","0",""
"T.Warren","T.Warren","5","","-0.0277","0.0","0.0","-0.4653","0.0","0",""
"Z.Wilson","Z.Wilson","1","","-0.0063","0.0","0.0","-0.2212","0.0","0",""
"3061612","Jamal Agnew","7","WR","0.0","0.0","0.0","0.0","0.0","0","3061612"
"4373626","Tyler Allgeier","7","RB","0.0","0.0","0.0","0.0","0.0","0","4373626"
"4605841","Nathan Carter","7","RB","0.0","0.0","0.0","0.0","0.0","0","4605841"
"4034948","Feleipe Franks","7","TE","0.0","0.0","0.0","0.0","0.0","0","4034948"
"3047876","KhaDarel Hodge","7","WR","0.0","0.0","0.0","0.0","0.0","0","3047876"
"4426502","Drake London","7","WR","0.0","0.0","0.0","0.0","0.0","0","4426502"
"4040655","Darnell Mooney","7","WR","0.0","0.0","0.0","0.0","0.0","0","4040655"
"4360423","Michael Penix Jr.","7","QB","0.0","0.0","0.0","0.0","0.0","0","4360423"
"4360248","Kyle Pitts Sr.","7","TE","0.0","0.0","0.0","0.0","0.0","0","4360248"
"4374045","Teagan Quitoriano","7","TE","0.0","0.0","0.0","0.0","0.0","0","4374045"
"4430807","Bijan Robinson","7","RB","0.0","0.0","0.0","0.0","0.0","0","4430807"
"3871102","David Sills V","7","WR","0.0","0.0","0.0","0.0","0.0","0","3871102"
"4428796","Casey Washington","7","WR","0.0","0.0","0.0","0.0","0.0","0","4428796"
"4035020","Charlie Woerner","7","TE","0.0","0.0","0.0","0.0","0.0","0","4035020"
"4360230","Emory Jones","7","QB","0.0","0.0","0.0","0.0","0.0","0","4360230"
"4369886","Chris Blair","7","WR","0.0","0.0","0.0","0.0","0.0","0","4369886"
"4363551","Dylan Drummond","7","WR","0.0","0.0","0.0","0.0","0.0","0","4363551"
"4570242","Nick Nash","7","WR","0.0","0.0","0.0","0.0","0.0","0","4570242"
"4430482","Joshua Simon","7","TE","0.0","0.0","0.0","0.0","0.0","0","4430482"
"3120590","Easton Stick","7","QB","0.0","0.0","0.0","0.0","0.0","0","3120590"
"4374187","Deven Thompkins","7","WR","0.0","0.0","0.0","0.0","0.0","0","4374187"
"4248425","Carlos Washington Jr.","7","RB","0.0","0.0","0.0","0.0","0.0","0","4248425"
"3918298","Josh Allen","7","QB","0.0","0.0","0.0","0.0","0.0","0","3918298"
"4635008","Keon Coleman","7","WR","0.0","0.0","0.0","0.0","0.0","0","4635008"
"4379399","James Cook III","7","RB","0.0","0.0","0.0","0.0","0.0","0","4379399"
"4429501","Ray Davis","7","RB","0.0","0.0","0.0","0.0","0.0","0","4429501"
"4573699","Jackson Hawes","7","TE","0.0","0.0","0.0","0.0","0.0","0","4573699"
"3915411","Ty Johnson","7","RB","0.0","0.0","0.0","0.0","0.0","0","3915411"
"4385690","Dalton Kincaid","7","TE","0.0","0.0","0.0","0.0","0.0","0","4385690"
"3930086","Dawson Knox","7","TE","0.0","0.0","0.0","0.0","0.0","0","3930086"
"4372414","Elijah Moore","7","WR","0.0","0.0","0.0","0.0","0.0","0","4372414"
"4242433","Joshua Palmer","7","WR","0.0","0.0","0.0","0.0","0.0","0","4242433"
"3121427","Curtis Samuel","7","WR","0.0","0.0","0.0","0.0","0.0","0","3121427"
"4373678","Khalil Shakir","7","WR","0.0","0.0","0.0","0.0","0.0","0","4373678"
"4241476","Tyrell Shavers","7","WR","0.0","0.0","0.0","0.0","0.0","0","4241476"
"4039034","Shane Buechele","7","QB","0.0","0.0","0.0","0.0","0.0","0","4039034"
"4243537","Gabe Davis","7","WR","0.0","0.0","0.0","0.0","0.0","0","4243537"
"4429805","Frank Gore Jr.","7","RB","0.0","0.0","0.0","0.0","0.0","0","4429805"
"4432215","Stephen Gosnell","7","WR","0.0","0.0","0.0","0.0","0.0","0","4432215"
"4688552","Keleki Latu","7","TE","0.0","0.0","0.0","0.0","0.0","0","4688552"
"3910176","Kristian Wilkerson","7","WR","0.0","0.0","0.0","0.0","0.0","0","3910176"
"4685278","Luther Burden III","7","WR","0.0","0.0","0.0","0.0","0.0","0","4685278"
"4039050","Devin Duvernay","7","WR","0.0","0.0","0.0","0.0","0.0","0","4039050"
"4037457","Travis Homer","7","RB","0.0","0.0","0.0","0.0","0.0","0","4037457"
"4426386","Roschon Johnson","7","RB","0.0","0.0","0.0","0.0","0.0","0","4426386"
"15168","Case Keenum","7","QB","0.0","0.0","0.0","0.0","0.0","0","15168"
"4258595","Cole Kmet","7","TE","0.0","0.0","0.0","0.0","0.0","0","4258595"
"4723086","Colston Loveland","7","TE","0.0","0.0","0.0","0.0","0.0","0","4723086"
"4608686","Kyle Monangai","7","RB","0.0","0.0","0.0","0.0","0.0","0","4608686"
"3915416","DJ Moore","7","WR","0.0","0.0","0.0","0.0","0.0","0","3915416"
"4431299","Rome Odunze","7","WR","0.0","0.0","0.0","0.0","0.0","0","4431299"
"3052897","Durham Smythe","7","TE","0.0","0.0","0.0","0.0","0.0","0","3052897"
"4259545","D'Andre Swift","7","RB","0.0","0.0","0.0","0.0","0.0","0","4259545"
"5160110","Jahdae Walker","7","WR","0.0","0.0","0.0","0.0","0.0","0","5160110"
"4431611","Caleb Williams","7","QB","0.0","0.0","0.0","0.0","0.0","0","4431611"
"3917914","Olamide Zaccheaus","7","WR","0.0","0.0","0.0","0.0","0.0","0","3917914"
"4575667","Deion Hankins","7","RB","0.0","0.0","0.0","0.0","0.0","0","4575667"
"3914307","Maurice Alexander","7","WR","0.0","0.0","0.0","0.0","0.0","0","3914307"
"3932423","Miles Boykin","7","WR","0.0","0.0","0.0","0.0","0.0","0","3932423"
"4036032","Brittain Brown","7","RB","0.0","0.0","0.0","0.0","0.0","0","4036032"
"3948283","Stephen Carlson","7","TE","0.0","0.0","0.0","0.0","0.0","0","3948283"
"4916349","Nikola Kalinic","7","TE","0.0","0.0","0.0","0.0","0.0","0","4916349"
"4429299","Tahj Brooks","7","RB","0.0","0.0","0.0","0.0","0.0","0","4429299"
"4362238","Chase Brown","7","RB","0.0","0.0","0.0","0.0","0.0","0","4362238"
"4429033","Jermaine Burton","7","WR","0.0","0.0","0.0","0.0","0.0","0","4429033"
"4362628","Ja'Marr Chase","7","WR","0.0","0.0","0.0","0.0","0.0","0","4362628"
"4036131","Noah Fant","7","TE","0.0","0.0","0.0","0.0","0.0","0","4036131"
"4700712","Cam Grandy","7","TE","0.0","0.0","0.0","0.0","0.0","0","4700712"
"4239993","Tee Higgins","7","WR","0.0","0.0","0.0","0.0","0.0","0","4239993"
"3050481","Tanner Hudson","7","TE","0.0","0.0","0.0","0.0","0.0","0","3050481"
"4368003","Andrei Iosivas","7","WR","0.0","0.0","0.0","0.0","0.0","0","4368003"
"4257188","Charlie Jones","7","WR","0.0","0.0","0.0","0.0","0.0","0","4257188"
"3116389","Samaje Perine","7","RB","0.0","0.0","0.0","0.0","0.0","0","3116389"
"3127310","Drew Sample","7","TE","0.0","0.0","0.0","0.0","0.0","0","3127310"
"4690070","Mitchell Tinsley","7","WR","0.0","0.0","0.0","0.0","0.0","0","4690070"
"4427834","Erick All Jr.","7","TE","0.0","0.0","0.0","0.0","0.0","0","4427834"
"3116164","Mike Gesicki","7","TE","0.0","0.0","0.0","0.0","0.0","0","3116164"
"4245645","Gary Brightwell","7","RB","0.0","0.0","0.0","0.0","0.0","0","4245645"
"4259592","Sean Clifford","7","QB","0.0","0.0","0.0","0.0","0.0","0","4259592"
"4594444","Jordan Moore","7","WR","0.0","0.0","0.0","0.0","0.0","0","4594444"
"4035776","Kendric Pryor","7","WR","0.0","0.0","0.0","0.0","0.0","0","4035776"
"4362603","Brenden Bates","7","TE","0.0","0.0","0.0","0.0","0.0","0","4362603"
"4808839","Isaiah Bond","7","WR","0.0","0.0","0.0","0.0","0.0","0","4808839"
"4613104","Malachi Corley","7","WR","0.0","0.0","0.0","0.0","0.0","0","4613104"
"5083076","Harold Fannin Jr.","7","TE","0.0","0.0","0.0","0.0","0.0","0","5083076"
"4372019","Jerome Ford","7","RB","0.0","0.0","0.0","0.0","0.0","0","4372019"
"4241463","Jerry Jeudy","7","WR","0.0","0.0","0.0","0.0","0.0","0","4241463"
"4685702","Quinshon Judkins","7","RB","0.0","0.0","0.0","0.0","0.0","0","4685702"
"4877203","Gage Larvadain","7","WR","0.0","0.0","0.0","0.0","0.0","0","4877203"
"3123076","David Njoku","7","TE","0.0","0.0","0.0","0.0","0.0","0","3123076"
"5081397","Dylan Sampson","7","RB","0.0","0.0","0.0","0.0","0.0","0","5081397"
"4601080","Raheim Sanders","7","RB","0.0","0.0","0.0","0.0","0.0","0","4601080"
"4432762","Shedeur Sanders","7","QB","0.0","0.0","0.0","0.0","0.0","0","4432762"
"4428678","Jamari Thrash","7","WR","0.0","0.0","0.0","0.0","0.0","0","4428678"
"4362018","Blake Whiteheart","7","TE","0.0","0.0","0.0","0.0","0.0","0","4362018"
"2580216","DeAndre Carter","7","WR","0.0","0.0","0.0","0.0","0.0","0","2580216"
"4369863","Cedric Tillman","7","WR","0.0","0.0","0.0","0.0","0.0","0","4369863"
"3122840","Deshaun Watson","7","QB","0.0","0.0","0.0","0.0","0.0","0","3122840"
"4242536","Sal Cannella","7","TE","0.0","0.0","0.0","0.0","0.0","0","4242536"
"5065495","Kaden Davis","7","WR","0.0","0.0","0.0","0.0","0.0","0","5065495"
"4566157","Luke Floriea","7","WR","0.0","0.0","0.0","0.0","0.0","0","4566157"
"4687509","Caden Prieskorn","7","TE","0.0","0.0","0.0","0.0","0.0","0","4687509"
"4250360","Bailey Zappe","7","QB","0.0","0.0","0.0","0.0","0.0","0","4250360"
"4685279","Jaydon Blue","7","RB","0.0","0.0","0.0","0.0","0.0","0","4685279"
"4242355","Jake Ferguson","7","TE","0.0","0.0","0.0","0.0","0.0","0","4242355"
"5083754","Ryan Flournoy","7","WR","0.0","0.0","0.0","0.0","0.0","0","5083754"
"4241389","CeeDee Lamb","7","WR","0.0","0.0","0.0","0.0","0.0","0","4241389"
"4383396","Hunter Luepke","7","RB","0.0","0.0","0.0","0.0","0.0","0","4383396"
"4360698","Joe Milton III","7","QB","0.0","0.0","0.0","0.0","0.0","0","4360698"
"4426485","Jonathan Mingo","7","WR","0.0","0.0","0.0","0.0","0.0","0","4426485"
"4426354","George Pickens","7","WR","0.0","0.0","0.0","0.0","0.0","0","4426354"
"4372096","Luke Schoonmaker","7","TE","0.0","0.0","0.0","0.0","0.0","0","4372096"
"4360967","Brevyn Spann-Ford","7","TE","0.0","0.0","0.0","0.0","0.0","0","4360967"
"4249417","Jalen Tolbert","7","WR","0.0","0.0","0.0","0.0","0.0","0","4249417"
"3676833","KaVontae Turpin","7","WR","0.0","0.0","0.0","0.0","0.0","0","3676833"
"4361579","Javonte Williams","7","RB","0.0","0.0","0.0","0.0","0.0","0","4361579"
"4431562","Phil Mafah","7","RB","0.0","0.0","0.0","0.0","0.0","0","4431562"
"4045163","Miles Sanders","7","RB","0.0","0.0","0.0","0.0","0.0","0","4045163"
"4362489","John Stephens Jr.","7","TE","0.0","0.0","0.0","0.0","0.0","0","4362489"
"3121410","Parris Campbell","7","WR","0.0","0.0","0.0","0.0","0.0","0","3121410"
"4426990","Jalen Cropper","7","WR","0.0","0.0","0.0","0.0","0.0","0","4426990"
"4240603","Malik Davis","7","RB","0.0","0.0","0.0","0.0","0.0","0","4240603"
"4605858","Rivaldo Fairweather","7","TE","0.0","0.0","0.0","0.0","0.0","0","4605858"
"4242442","Princeton Fant","7","TE","0.0","0.0","0.0","0.0","0.0","0","4242442"
"3115252","Will Grier","7","QB","0.0","0.0","0.0","0.0","0.0","0","3115252"
"4429172","Traeshon Holden","7","WR","0.0","0.0","0.0","0.0","0.0","0","4429172"
"4383440","Nate Adkins","7","TE","0.0","0.0","0.0","0.0","0.0","0","4383440"
"4362748","Tyler Badie","7","RB","0.0","0.0","0.0","0.0","0.0","0","4362748"
"4600981","Pat Bryant","7","WR","0.0","0.0","0.0","0.0","0.0","0","4600981"
"4241985","J.K. Dobbins","7","RB","0.0","0.0","0.0","0.0","0.0","0","4241985"
"3051876","Evan Engram","7","TE","0.0","0.0","0.0","0.0","0.0","0","3051876"
"4431280","Troy Franklin","7","WR","0.0","0.0","0.0","0.0","0.0","0","4431280"
"4568490","RJ Harvey","7","RB","0.0","0.0","0.0","0.0","0.0","0","4568490"
"4722893","Jaleel McLaughlin","7","RB","0.0","0.0","0.0","0.0","0.0","0","4722893"
"4686472","Marvin Mims Jr.","7","WR","0.0","0.0","0.0","0.0","0.0","0","4686472"
"3122168","Trent Sherfield Sr.","7","WR","0.0","0.0","0.0","0.0","0.0","0","3122168"
"3892775","Jarrett Stidham","7","QB","0.0","0.0","0.0","0.0","0.0","0","3892775"
"3128429","Courtland Sutton","7","WR","0.0","0.0","0.0","0.0","0.0","0","3128429"
"3911853","Adam Trautman","7","TE","0.0","0.0","0.0","0.0","0.0","0","3911853"
"4360231","Lucas Krull","7","TE","0.0","0.0","0.0","0.0","0.0","0","4360231"
"4034704","Michael Bandy","7","WR","0.0","0.0","0.0","0.0","0.0","0","4034704"
"4241820","Sam Ehlinger","7","QB","0.0","0.0","0.0","0.0","0.0","0","4241820"
"9614","Marcedes Lewis","7","TE","0.0","0.0","0.0","0.0","0.0","0","9614"
"4432208","Caleb Lohner","7","TE","0.0","0.0","0.0","0.0","0.0","0","4432208"
"5209791","Patrick Murtagh","7","TE","0.0","0.0","0.0","0.0","0.0","0","5209791"
"4362019","A.T. Perry","7","WR","0.0","0.0","0.0","0.0","0.0","0","4362019"
"4574860","Kyrese Rowan","7","WR","0.0","0.0","0.0","0.0","0.0","0","4574860"
"4431453","Deuce Vaughn","7","RB","0.0","0.0","0.0","0.0","0.0","0","4431453"
"3115293","Kyle Allen","7","QB","0.0","0.0","0.0","0.0","0.0","0","3115293"
"3120303","Ross Dwelley","7","TE","0.0","0.0","0.0","0.0","0.0","0","3120303"
"4429795","Jahmyr Gibbs","7","RB","0.0","0.0","0.0","0.0","0.0","0","4429795"
"3116136","Justin Jackson","7","RB","0.0","0.0","0.0","0.0","0.0","0","3116136"
"4430027","Sam LaPorta","7","TE","0.0","0.0","0.0","0.0","0.0","0","4430027"
"4596439","Dominic Lovett","7","WR","0.0","0.0","0.0","0.0","0.0","0","4596439"
"4035538","David Montgomery","7","RB","0.0","0.0","0.0","0.0","0.0","0","4035538"
"2973405","Kalif Raymond","7","WR","0.0","0.0","0.0","0.0","0.0","0","2973405"
"4421446","Craig Reynolds","7","RB","0.0","0.0","0.0","0.0","0.0","0","4421446"
"4383429","Jacob Saylors","7","RB","0.0","0.0","0.0","0.0","0.0","0","4383429"
"4374302","Amon-Ra St. Brown","7","WR","0.0","0.0","0.0","0.0","0.0","0","4374302"
"5123663","Isaac TeSlaa","7","WR","0.0","0.0","0.0","0.0","0.0","0","5123663"
"4912274","Sione Vaki","7","RB","0.0","0.0","0.0","0.0","0.0","0","4912274"
"4426388","Jameson Williams","7","WR","0.0","0.0","0.0","0.0","0.0","0","4426388"
"4242392","Brock Wright","7","TE","0.0","0.0","0.0","0.0","0.0","0","4242392"
"4880638","Kye Robichaux","7","RB","0.0","0.0","0.0","0.0","0.0","0","4880638"
"4044144","Kenny Yeboah","7","TE","0.0","0.0","0.0","0.0","0.0","0","4044144"
"4608362","Shane Zylstra","7","TE","0.0","0.0","0.0","0.0","0.0","0","4608362"
"2979520","C.J. Beathard","7","QB","0.0","0.0","0.0","0.0","0.0","0","2979520"
"4240069","Malik Cunningham","7","WR","0.0","0.0","0.0","0.0","0.0","0","4240069"
"4877824","Zach Horton","7","TE","0.0","0.0","0.0","0.0","0.0","0","4877824"
"3126997","Tom Kennedy","7","WR","0.0","0.0","0.0","0.0","0.0","0","3126997"
"4602788","Jackson Meeks","7","WR","0.0","0.0","0.0","0.0","0.0","0","4602788"
"3149687","Chris Brooks","7","RB","0.0","0.0","0.0","0.0","0.0","0","3149687"
"4361432","Romeo Doubs","7","WR","0.0","0.0","0.0","0.0","0.0","0","4361432"
"4379401","John FitzPatrick","7","TE","0.0","0.0","0.0","0.0","0.0","0","4379401"
"4701936","Matthew Golden","7","WR","0.0","0.0","0.0","0.0","0.0","0","4701936"
"4689334","Malik Heath","7","WR","0.0","0.0","0.0","0.0","0.0","0","4689334"
"4047365","Josh Jacobs","7","RB","0.0","0.0","0.0","0.0","0.0","0","4047365"
"4572680","Tucker Kraft","7","TE","0.0","0.0","0.0","0.0","0.0","0","4572680"
"4428085","Luke Musgrave","7","TE","0.0","0.0","0.0","0.0","0.0","0","4428085"
"4248528","Christian Watson","7","WR","0.0","0.0","0.0","0.0","0.0","0","4248528"
"4428850","Dontayvion Wicks","7","WR","0.0","0.0","0.0","0.0","0.0","0","4428850"
"4431487","Savion Williams","7","WR","0.0","0.0","0.0","0.0","0.0","0","4431487"
"4242512","Malik Willis","7","QB","0.0","0.0","0.0","0.0","0.0","0","4242512"
"4887558","Emanuel Wilson","7","RB","0.0","0.0","0.0","0.0","0.0","0","4887558"
"4429023","MarShawn Lloyd","7","RB","0.0","0.0","0.0","0.0","0.0","0","4429023"
"4362249","Jayden Reed","7","WR","0.0","0.0","0.0","0.0","0.0","0","4362249"
"5178972","Jakobie Keeney-James","7","WR","0.0","0.0","0.0","0.0","0.0","0","5178972"
"4428116","Isaiah Neyor","7","WR","0.0","0.0","0.0","0.0","0.0","0","4428116"
"4608679","Will Sheppard","7","WR","0.0","0.0","0.0","0.0","0.0","0","4608679"
"4249836","Pierre Strong Jr.","7","RB","0.0","0.0","0.0","0.0","0.0","0","4249836"
"4360175","Clayton Tune","7","QB","0.0","0.0","0.0","0.0","0.0","0","4360175"
"4360086","Josh Whyle","7","TE","0.0","0.0","0.0","0.0","0.0","0","4360086"
"2574511","Brandon Allen","7","QB","0.0","0.0","0.0","0.0","0.0","0","2574511"
"4883647","Elic Ayomanor","7","WR","0.0","0.0","0.0","0.0","0.0","0","4883647"
"4367567","Julius Chestnut","7","RB","0.0","0.0","0.0","0.0","0.0","0","4367567"
"4431268","Chimere Dike","7","WR","0.0","0.0","0.0","0.0","0.0","0","4431268"
"4686728","Gunnar Helm","7","TE","0.0","0.0","0.0","0.0","0.0","0","4686728"
"3930066","Van Jefferson","7","WR","0.0","0.0","0.0","0.0","0.0","0","3930066"
"4057082","Mason Kinsey","7","WR","0.0","0.0","0.0","0.0","0.0","0","4057082"
"4360978","David Martin-Robinson","7","TE","0.0","0.0","0.0","0.0","0.0","0","4360978"
"4360635","Chig Okonkwo","7","TE","0.0","0.0","0.0","0.0","0.0","0","4360635"
"4362617","Bryce Oliver","7","WR","0.0","0.0","0.0","0.0","0.0","0","4362617"
"3916148","Tony Pollard","7","RB","0.0","0.0","0.0","0.0","0.0","0","3916148"
"3925357","Calvin Ridley","7","WR","0.0","0.0","0.0","0.0","0.0","0","3925357"
"4428557","Tyjae Spears","7","RB","0.0","0.0","0.0","0.0","0.0","0","4428557"
"4688380","Cam Ward","7","QB","0.0","0.0","0.0","0.0","0.0","0","4688380"
"4361418","Will Levis","7","QB","0.0","0.0","0.0","0.0","0.0","0","4361418"
"4429121","Kalel Mullings","7","RB","0.0","0.0","0.0","0.0","0.0","0","4429121"
"4247812","Lance McCutcheon","7","WR","0.0","0.0","0.0","0.0","0.0","0","4247812"
"4243004","Jordan Mims","7","RB","0.0","0.0","0.0","0.0","0.0","0","4243004"
"4879189","Hal Presley","7","WR","0.0","0.0","0.0","0.0","0.0","0","4879189"
"3916204","James Proche II","7","WR","0.0","0.0","0.0","0.0","0.0","0","3916204"
"4431353","Xavier Restrepo","7","WR","0.0","0.0","0.0","0.0","0.0","0","4431353"
"2511109","Trevor Siemian","7","QB","0.0","0.0","0.0","0.0","0.0","0","2511109"
"4361604","Blake Watson","7","RB","0.0","0.0","0.0","0.0","0.0","0","4361604"
"4362570","Joel Wilson","7","TE","0.0","0.0","0.0","0.0","0.0","0","4362570"
"2576336","Ameer Abdullah","7","RB","0.0","0.0","0.0","0.0","0.0","0","2576336"
"2998565","Mo Alie-Cox","7","TE","0.0","0.0","0.0","0.0","0.0","0","2998565"
"4688813","Josh Downs","7","WR","0.0","0.0","0.0","0.0","0.0","0","4688813"
"4061956","Ashton Dulin","7","WR","0.0","0.0","0.0","0.0","0.0","0","4061956"
"4874509","DJ Giddens","7","RB","0.0","0.0","0.0","0.0","0.0","0","4874509"
"4429676","Tyler Goodson","7","RB","0.0","0.0","0.0","0.0","0.0","0","4429676"
"4429684","Anthony Gould","7","WR","0.0","0.0","0.0","0.0","0.0","0","4429684"
"3917792","Daniel Jones","7","QB","0.0","0.0","0.0","0.0","0.0","0","3917792"
"4683423","Riley Leonard","7","QB","0.0","0.0","0.0","0.0","0.0","0","4683423"
"4362523","Will Mallory","7","TE","0.0","0.0","0.0","0.0","0.0","0","4362523"
"4597500","Adonai Mitchell","7","WR","0.0","0.0","0.0","0.0","0.0","0","4597500"
"4722908","Drew Ogletree","7","TE","0.0","0.0","0.0","0.0","0.0","0","4722908"
"4360078","Alec Pierce","7","WR","0.0","0.0","0.0","0.0","0.0","0","4360078"
"4035687","Michael Pittman Jr.","7","WR","0.0","0.0","0.0","0.0","0.0","0","4035687"
"4242335","Jonathan Taylor","7","RB","0.0","0.0","0.0","0.0","0.0","0","4242335"
"4431459","Tyler Warren","7","TE","0.0","0.0","0.0","0.0","0.0","0","4431459"
"4243315","Salvon Ahmed","7","RB","0.0","0.0","0.0","0.0","0.0","0","4243315"
"4249030","D.J. Montgomery","7","WR","0.0","0.0","0.0","0.0","0.0","0","4249030"
"4429084","Anthony Richardson Sr.","7","QB","0.0","0.0","0.0","0.0","0.0","0","4429084"
"4426689","Ulysses Bentley IV","7","RB","0.0","0.0","0.0","0.0","0.0","0","4426689"
"4608691","Maximilian Mang","7","TE","0.0","0.0","0.0","0.0","0.0","0","4608691"
"4036275","Sean McKeon","7","TE","0.0","0.0","0.0","0.0","0.0","0","4036275"
"4578436","Coleman Owen","7","WR","0.0","0.0","0.0","0.0","0.0","0","4578436"
"3051889","Laquon Treadwell","7","WR","0.0","0.0","0.0","0.0","0.0","0","3051889"
"4241372","Hollywood Brown","7","WR","0.0","0.0","0.0","0.0","0.0","0","4241372"
"4240472","Noah Gray","7","TE","0.0","0.0","0.0","0.0","0.0","0","4240472"
"3059915","Kareem Hunt","7","RB","0.0","0.0","0.0","0.0","0.0","0","3059915"
"15847","Travis Kelce","7","TE","0.0","0.0","0.0","0.0","0.0","0","15847"
"4038524","Gardner Minshew","7","QB","0.0","0.0","0.0","0.0","0.0","0","4038524"
"4241555","Elijah Mitchell","7","RB","0.0","0.0","0.0","0.0","0.0","0","4241555"
"4361529","Isiah Pacheco","7","RB","0.0","0.0","0.0","0.0","0.0","0","4361529"
"4372716","Nikko Remigio","7","WR","0.0","0.0","0.0","0.0","0.0","0","4372716"
"4428331","Rashee Rice","7","WR","0.0","0.0","0.0","0.0","0.0","0","4428331"
"5082630","Jalen Royals","7","WR","0.0","0.0","0.0","0.0","0.0","0","5082630"
"4596602","Brashard Smith","7","RB","0.0","0.0","0.0","0.0","0.0","0","4596602"
"3120348","JuJu Smith-Schuster","7","WR","0.0","0.0","0.0","0.0","0.0","0","3120348"
"4362921","Tyquan Thornton","7","WR","0.0","0.0","0.0","0.0","0.0","0","4362921"
"2975674","Robert Tonyan","7","TE","0.0","0.0","0.0","0.0","0.0","0","2975674"
"4430723","Jared Wiley","7","TE","0.0","0.0","0.0","0.0","0.0","0","4430723"
"4683062","Xavier Worthy","7","WR","0.0","0.0","0.0","0.0","0.0","0","4683062"
"4431196","Jake Briningstool","7","TE","0.0","0.0","0.0","0.0","0.0","0","4431196"
"4362087","Keaontay Ingram","7","RB","0.0","0.0","0.0","0.0","0.0","0","4362087"
"4689988","Jason Brownlee","7","WR","0.0","0.0","0.0","0.0","0.0","0","4689988"
"4242214","Clyde Edwards-Helaire","7","RB","0.0","0.0","0.0","0.0","0.0","0","4242214"
"4431142","Jimmy Holiday","7","WR","0.0","0.0","0.0","0.0","0.0","0","4431142"
"4044111","Chris Oladokun","7","QB","0.0","0.0","0.0","0.0","0.0","0","4044111"
"4685784","Tre Watson","7","TE","0.0","0.0","0.0","0.0","0.0","0","4685784"
"3919510","Alex Bachman","7","WR","0.0","0.0","0.0","0.0","0.0","0","3919510"
"4603186","Jack Bech","7","WR","0.0","0.0","0.0","0.0","0.0","0","4603186"
"4432665","Brock Bowers","7","TE","0.0","0.0","0.0","0.0","0.0","0","4432665"
"4890973","Ashton Jeanty","7","RB","0.0","0.0","0.0","0.0","0.0","0","4890973"
"4366963","Dylan Laube","7","RB","0.0","0.0","0.0","0.0","0.0","0","4366963"
"2577327","Tyler Lockett","7","WR","0.0","0.0","0.0","0.0","0.0","0","2577327"
"4429086","Michael Mayer","7","TE","0.0","0.0","0.0","0.0","0.0","0","4429086"
"3916433","Jakobi Meyers","7","WR","0.0","0.0","0.0","0.0","0.0","0","3916433"
"2576414","Raheem Mostert","7","RB","0.0","0.0","0.0","0.0","0.0","0","2576414"
"5155825","Carter Runyon","7","TE","0.0","0.0","0.0","0.0","0.0","0","5155825"
"15864","Geno Smith","7","QB","0.0","0.0","0.0","0.0","0.0","0","15864"
"4045305","Ian Thomas","7","TE","0.0","0.0","0.0","0.0","0.0","0","4045305"
"4432775","Dont'e Thornton Jr.","7","WR","0.0","0.0","0.0","0.0","0.0","0","4432775"
"4428718","Tre Tucker","7","WR","0.0","0.0","0.0","0.0","0.0","0","4428718"
"4361777","Zamir White","7","RB","0.0","0.0","0.0","0.0","0.0","0","4361777"
"4260394","Aidan O'Connell","7","QB","0.0","0.0","0.0","0.0","0.0","0","4260394"
"4698191","Chris Collier","7","RB","0.0","0.0","0.0","0.0","0.0","0","4698191"
"2579604","Phillip Dorsett II","7","WR","0.0","0.0","0.0","0.0","0.0","0","2579604"
"4361332","Shedrick Jackson","7","WR","0.0","0.0","0.0","0.0","0.0","0","4361332"
"4693331","Cam Miller","7","QB","0.0","0.0","0.0","0.0","0.0","0","4693331"
"4035115","Albert Okwuegbunam Jr.","7","TE","0.0","0.0","0.0","0.0","0.0","0","4035115"
"4361426","Justin Shorter","7","WR","0.0","0.0","0.0","0.0","0.0","0","4361426"
"4036211","DJ Turner","7","WR","0.0","0.0","0.0","0.0","0.0","0","4036211"
"16800","Davante Adams","7","WR","0.0","0.0","0.0","0.0","0.0","0","16800"
"4426553","Davis Allen","7","TE","0.0","0.0","0.0","0.0","0.0","0","4426553"
"4259553","Stetson Bennett IV","7","QB","0.0","0.0","0.0","0.0","0.0","0","4259553"
"4429096","Blake Corum","7","RB","0.0","0.0","0.0","0.0","0.0","0","4429096"
"4570037","Terrance Ferguson","7","TE","0.0","0.0","0.0","0.0","0.0","0","4570037"
"16760","Jimmy Garoppolo","7","QB","0.0","0.0","0.0","0.0","0.0","0","16760"
"2573401","Tyler Higbee","7","TE","0.0","0.0","0.0","0.0","0.0","0","2573401"
"4710341","Jarquez Hunter","7","RB","0.0","0.0","0.0","0.0","0.0","0","4710341"
"4710855","Konata Mumpfield","7","WR","0.0","0.0","0.0","0.0","0.0","0","4710855"
"4426515","Puka Nacua","7","WR","0.0","0.0","0.0","0.0","0.0","0","4426515"
"4242557","Colby Parkinson","7","TE","0.0","0.0","0.0","0.0","0.0","0","4242557"
"4386544","Xavier Smith","7","WR","0.0","0.0","0.0","0.0","0.0","0","4386544"
"4569382","Jordan Whittington","7","WR","0.0","0.0","0.0","0.0","0.0","0","4569382"
"4430737","Kyren Williams","7","RB","0.0","0.0","0.0","0.0","0.0","0","4430737"
"4360797","Tutu Atwell","7","WR","0.0","0.0","0.0","0.0","0.0","0","4360797"
"4875786","Tru Edwards","7","WR","0.0","0.0","0.0","0.0","0.0","0","4875786"
"4431342","Brennan Presley","7","WR","0.0","0.0","0.0","0.0","0.0","0","4431342"
"4243003","Ronnie Rivers","7","RB","0.0","0.0","0.0","0.0","0.0","0","4243003"
"4565908","Tyler Scott","7","WR","0.0","0.0","0.0","0.0","0.0","0","4565908"
"4429160","De'Von Achane","7","RB","0.0","0.0","0.0","0.0","0.0","0","4429160"
"4047422","Tanner Conner","7","TE","0.0","0.0","0.0","0.0","0.0","0","4047422"
"4367209","Greg Dulcich","7","TE","0.0","0.0","0.0","0.0","0.0","0","4367209"
"4043016","Dee Eskridge","7","WR","0.0","0.0","0.0","0.0","0.0","0","4043016"
"4711533","Ollie Gordon II","7","RB","0.0","0.0","0.0","0.0","0.0","0","4711533"
"4365395","Julian Hill","7","TE","0.0","0.0","0.0","0.0","0.0","0","4365395"
"4569603","Malik Washington","7","WR","0.0","0.0","0.0","0.0","0.0","0","4569603"
"4567506","Tahj Washington","7","WR","0.0","0.0","0.0","0.0","0.0","0","4567506"
"3929785","Nick Westbrook-Ikhine","7","WR","0.0","0.0","0.0","0.0","0.0","0","3929785"
"4361259","Zach Wilson","7","QB","0.0","0.0","0.0","0.0","0.0","0","4361259"
"4036335","Cedrick Wilson Jr.","7","WR","0.0","0.0","0.0","0.0","0.0","0","4036335"
"4682745","Jaylen Wright","7","RB","0.0","0.0","0.0","0.0","0.0","0","4682745"
"4431044","Jalin Conyers","7","TE","0.0","0.0","0.0","0.0","0.0","0","4431044"
"3116406","Tyreek Hill","7","WR","0.0","0.0","0.0","0.0","0.0","0","3116406"
"4048244","Alexander Mattison","7","RB","0.0","0.0","0.0","0.0","0.0","0","4048244"
"2576925","Darren Waller","7","TE","0.0","0.0","0.0","0.0","0.0","0","2576925"
"3928925","JaMycal Hasty","7","RB","0.0","0.0","0.0","0.0","0.0","0","3928925"
"4429053","AJ Henning","7","WR","0.0","0.0","0.0","0.0","0.0","0","4429053"
"3138744","Chris Myarick","7","TE","0.0","0.0","0.0","0.0","0.0","0","3138744"
"4428396","Hayden Rucci","7","TE","0.0","0.0","0.0","0.0","0.0","0","4428396"
"4426535","Theo Wease Jr.","7","WR","0.0","0.0","0.0","0.0","0.0","0","4426535"
"3122976","Jeff Wilson Jr.","7","RB","0.0","0.0","0.0","0.0","0.0","0","3122976"
"4429205","Jordan Addison","7","WR","0.0","0.0","0.0","0.0","0.0","0","4429205"
"4565185","Tai Felton","7","WR","0.0","0.0","0.0","0.0","0.0","0","4565185"
"4036133","T.J. Hockenson","7","TE","0.0","0.0","0.0","0.0","0.0","0","4036133"
"4262921","Justin Jefferson","7","WR","0.0","0.0","0.0","0.0","0.0","0","4262921"
"3042519","Aaron Jones Sr.","7","RB","0.0","0.0","0.0","0.0","0.0","0","3042519"
"4360569","Jordan Mason","7","RB","0.0","0.0","0.0","0.0","0.0","0","4360569"
"4382466","Jalen Nailor","7","WR","0.0","0.0","0.0","0.0","0.0","0","4382466"
"3921690","Josh Oliver","7","TE","0.0","0.0","0.0","0.0","0.0","0","3921690"
"4430656","Myles Price","7","WR","0.0","0.0","0.0","0.0","0.0","0","4430656"
"4257364","Zavier Scott","7","RB","0.0","0.0","0.0","0.0","0.0","0","4257364"
"4373030","Ben Sims","7","TE","0.0","0.0","0.0","0.0","0.0","0","4373030"
"16460","Adam Thielen","7","WR","0.0","0.0","0.0","0.0","0.0","0","16460"
"4433959","Ben Yurosek","7","TE","0.0","0.0","0.0","0.0","0.0","0","4433959"
"4708049","Gavin Bartholomew","7","TE","0.0","0.0","0.0","0.0","0.0","0","4708049"
"4242431","Ty Chandler","7","RB","0.0","0.0","0.0","0.0","0.0","0","4242431"
"4372485","Rondale Moore","7","WR","0.0","0.0","0.0","0.0","0.0","0","4372485"
"4565297","Dontae Fleming","7","WR","0.0","0.0","0.0","0.0","0.0","0","4565297"
"4360637","Jeshaun Jones","7","WR","0.0","0.0","0.0","0.0","0.0","0","4360637"
"4431431","Corey Kiner","7","RB","0.0","0.0","0.0","0.0","0.0","0","4431431"
"4602969","Bryson Nesbit","7","TE","0.0","0.0","0.0","0.0","0.0","0","4602969"
"2576399","Nick Vannett","7","TE","0.0","0.0","0.0","0.0","0.0","0","2576399"
"3124092","John Wolford","7","QB","0.0","0.0","0.0","0.0","0.0","0","3124092"
"4429022","Kayshon Boutte","7","WR","0.0","0.0","0.0","0.0","0.0","0","4429022"
"4695193","Efton Chism III","7","WR","0.0","0.0","0.0","0.0","0.0","0","4695193"
"4240391","Tommy DeVito","7","QB","0.0","0.0","0.0","0.0","0.0","0","4240391"
"2976212","Stefon Diggs","7","WR","0.0","0.0","0.0","0.0","0.0","0","2976212"
"4427095","DeMario Douglas","7","WR","0.0","0.0","0.0","0.0","0.0","0","4427095"
"4432710","TreVeyon Henderson","7","RB","0.0","0.0","0.0","0.0","0.0","0","4432710"
"2991662","Mack Hollins","7","WR","0.0","0.0","0.0","0.0","0.0","0","2991662"
"3043275","Austin Hooper","7","TE","0.0","0.0","0.0","0.0","0.0","0","3043275"
"3115328","Jalen Hurd","7","WR","0.0","0.0","0.0","0.0","0.0","0","3115328"
"4427600","Terrell Jennings","7","RB","0.0","0.0","0.0","0.0","0.0","0","4427600"
"4569173","Rhamondre Stevenson","7","RB","0.0","0.0","0.0","0.0","0.0","0","4569173"
"4361100","Jack Westover","7","TE","0.0","0.0","0.0","0.0","0.0","0","4361100"
"4613202","Kyle Williams","7","WR","0.0","0.0","0.0","0.0","0.0","0","4613202"
"4360294","Antonio Gibson","7","RB","0.0","0.0","0.0","0.0","0.0","0","4360294"
"4698253","Lan Larison","7","RB","0.0","0.0","0.0","0.0","0.0","0","4698253"
"4372526","Deneric Prince","7","RB","0.0","0.0","0.0","0.0","0.0","0","4372526"
"4876613","Rushawn Baker","7","RB","0.0","0.0","0.0","0.0","0.0","0","4876613"
"4372519","Jashaun Corbin","7","RB","0.0","0.0","0.0","0.0","0.0","0","4372519"
"4596545","CJ Dippre","7","TE","0.0","0.0","0.0","0.0","0.0","0","4596545"
"4887705","John Jiles","7","WR","0.0","0.0","0.0","0.0","0.0","0","4887705"
"3139602","D'Ernest Johnson","7","RB","0.0","0.0","0.0","0.0","0.0","0","3139602"
"4363554","Thomas Odukoya","7","TE","0.0","0.0","0.0","0.0","0.0","0","4363554"
"4039274","Jonathan Ward","7","RB","0.0","0.0","0.0","0.0","0.0","0","4039274"
"4572655","Jeremiah Webb","7","WR","0.0","0.0","0.0","0.0","0.0","0","4572655"
"16731","Brandin Cooks","7","WR","0.0","0.0","0.0","0.0","0.0","0","16731"
"2468609","Taysom Hill","7","QB","0.0","0.0","0.0","0.0","0.0","0","2468609"
"3929645","Juwan Johnson","7","TE","0.0","0.0","0.0","0.0","0.0","0","3929645"
"3054850","Alvin Kamara","7","RB","0.0","0.0","0.0","0.0","0.0","0","3054850"
"4876006","Zaire Mitchell-Paden","7","TE","0.0","0.0","0.0","0.0","0.0","0","4876006"
"3843945","Foster Moreau","7","TE","0.0","0.0","0.0","0.0","0.0","0","3843945"
"4682652","Devin Neal","7","RB","0.0","0.0","0.0","0.0","0.0","0","4682652"
"4032473","Rashid Shaheed","7","WR","0.0","0.0","0.0","0.0","0.0","0","4032473"
"4034862","Jack Stoll","7","TE","0.0","0.0","0.0","0.0","0.0","0","4034862"
"4573697","Mason Tipton","7","WR","0.0","0.0","0.0","0.0","0.0","0","4573697"
"4569559","Devaughn Vele","7","WR","0.0","0.0","0.0","0.0","0.0","0","4569559"
"4427985","Bub Means","7","WR","0.0","0.0","0.0","0.0","0.0","0","4427985"
"4599739","Kendre Miller","7","RB","0.0","0.0","0.0","0.0","0.0","0","4599739"
"4426407","Trey Palmer","7","WR","0.0","0.0","0.0","0.0","0.0","0","4426407"
"4911517","Mason Pline","7","TE","0.0","0.0","0.0","0.0","0.0","0","4911517"
"4430637","Ja'Lynn Polk","7","WR","0.0","0.0","0.0","0.0","0.0","0","4430637"
"4372758","Kevin Austin Jr.","7","WR","0.0","0.0","0.0","0.0","0.0","0","4372758"
"4372063","Ronnie Bell","7","WR","0.0","0.0","0.0","0.0","0.0","0","4372063"
"4565358","Hunter Dekkers","7","QB","0.0","0.0","0.0","0.0","0.0","0","4565358"
"4569682","Audric Estime","7","RB","0.0","0.0","0.0","0.0","0.0","0","4569682"
"4243322","Jake Haener","7","QB","0.0","0.0","0.0","0.0","0.0","0","4243322"
"4569609","Evan Hull","7","RB","0.0","0.0","0.0","0.0","0.0","0","4569609"
"4432731","Moliki Matavao","7","TE","0.0","0.0","0.0","0.0","0.0","0","4432731"
"3127306","Dante Pettis","7","WR","0.0","0.0","0.0","0.0","0.0","0","3127306"
"4430684","Treyton Welch","7","TE","0.0","0.0","0.0","0.0","0.0","0","4430684"
"4361516","Daniel Bellinger","7","TE","0.0","0.0","0.0","0.0","0.0","0","4361516"
"4431210","Beaux Collins","7","WR","0.0","0.0","0.0","0.0","0.0","0","4431210"
"4590292","Thomas Fidone II","7","TE","0.0","0.0","0.0","0.0","0.0","0","4590292"
"4692590","Jalin Hyatt","7","WR","0.0","0.0","0.0","0.0","0.0","0","4692590"
"4429148","Theo Johnson","7","TE","0.0","0.0","0.0","0.0","0.0","0","4429148"
"2531358","Chris Manhertz","7","TE","0.0","0.0","0.0","0.0","0.0","0","2531358"
"4424106","Gunner Olszewski","7","WR","0.0","0.0","0.0","0.0","0.0","0","4424106"
"4569587","Wan'Dale Robinson","7","WR","0.0","0.0","0.0","0.0","0.0","0","4569587"
"4040761","Devin Singletary","7","RB","0.0","0.0","0.0","0.0","0.0","0","4040761"
"3916945","Darius Slayton","7","WR","0.0","0.0","0.0","0.0","0.0","0","3916945"
"4360516","Tyrone Tracy Jr.","7","RB","0.0","0.0","0.0","0.0","0.0","0","4360516"
"14881","Russell Wilson","7","QB","0.0","0.0","0.0","0.0","0.0","0","14881"
"2969939","Jameis Winston","7","QB","0.0","0.0","0.0","0.0","0.0","0","2969939"
"4575348","Da'Quan Felton","7","WR","0.0","0.0","0.0","0.0","0.0","0","4575348"
"4362227","Bryce Ford-Wheaton","7","WR","0.0","0.0","0.0","0.0","0.0","0","4362227"
"4570561","Eric Gray","7","RB","0.0","0.0","0.0","0.0","0.0","0","4570561"
"4595348","Malik Nabers","7","WR","0.0","0.0","0.0","0.0","0.0","0","4595348"
"4696981","Cam Skattebo","7","RB","0.0","0.0","0.0","0.0","0.0","0","4696981"
"4570296","Dalen Cambre","7","WR","0.0","0.0","0.0","0.0","0.0","0","4570296"
"4039057","Lil'Jordan Humphrey","7","WR","0.0","0.0","0.0","0.0","0.0","0","4039057"
"3728262","Ray-Ray McCloud III","7","WR","0.0","0.0","0.0","0.0","0.0","0","3728262"
"4367510","Dante Miller","7","RB","0.0","0.0","0.0","0.0","0.0","0","4367510"
"4240573","Ihmir Smith-Marsette","7","WR","0.0","0.0","0.0","0.0","0.0","0","4240573"
"4695404","Isaiah Davis","7","RB","0.0","0.0","0.0","0.0","0.0","0","4695404"
"4427366","Breece Hall","7","RB","0.0","0.0","0.0","0.0","0.0","0","4427366"
"4035886","Khalil Herbert","7","RB","0.0","0.0","0.0","0.0","0.0","0","4035886"
"2310331","Tyler Johnson","7","WR","0.0","0.0","0.0","0.0","0.0","0","2310331"
"3128390","Allen Lazard","7","WR","0.0","0.0","0.0","0.0","0.0","0","3128390"
"4567096","John Metchie III","7","WR","0.0","0.0","0.0","0.0","0.0","0","4567096"
"4035537","Kene Nwangwu","7","RB","0.0","0.0","0.0","0.0","0.0","0","4035537"
"4361372","Jeremy Ruckert","7","TE","0.0","0.0","0.0","0.0","0.0","0","4361372"
"4250764","Stone Smartt","7","TE","0.0","0.0","0.0","0.0","0.0","0","4250764"
"4429105","Arian Smith","7","WR","0.0","0.0","0.0","0.0","0.0","0","4429105"
"4808766","Mason Taylor","7","TE","0.0","0.0","0.0","0.0","0.0","0","4808766"
"14163","Tyrod Taylor","7","QB","0.0","0.0","0.0","0.0","0.0","0","14163"
"4569371","Isaiah Williams","7","WR","0.0","0.0","0.0","0.0","0.0","0","4569371"
"4569618","Garrett Wilson","7","WR","0.0","0.0","0.0","0.0","0.0","0","4569618"
"4241410","Jelani Woods","7","TE","0.0","0.0","0.0","0.0","0.0","0","4241410"
"4685247","Braelon Allen","7","RB","0.0","0.0","0.0","0.0","0.0","0","4685247"
"3929636","Irvin Charles","7","WR","0.0","0.0","0.0","0.0","0.0","0","3929636"
"3115306","Josh Reynolds","7","WR","0.0","0.0","0.0","0.0","0.0","0","3115306"
"4429435","Brady Cook","7","QB","0.0","0.0","0.0","0.0","0.0","0","4429435"
"3931391","Trenton Irwin","7","WR","0.0","0.0","0.0","0.0","0.0","0","3931391"
"4892576","Jamaal Pritchett","7","WR","0.0","0.0","0.0","0.0","0.0","0","4892576"
"4567095","Keilan Robinson","7","RB","0.0","0.0","0.0","0.0","0.0","0","4567095"
"4613050","Quentin Skinner","7","WR","0.0","0.0","0.0","0.0","0.0","0","4613050"
"3929630","Saquon Barkley","7","RB","0.0","0.0","0.0","0.0","0.0","0","3929630"
"4429013","Tank Bigsby","7","RB","0.0","0.0","0.0","0.0","0.0","0","4429013"
"4047646","A.J. Brown","7","WR","0.0","0.0","0.0","0.0","0.0","0","4047646"
"4241374","Grant Calcaterra","7","TE","0.0","0.0","0.0","0.0","0.0","0","4241374"
"4715355","Darius Cooper","7","WR","0.0","0.0","0.0","0.0","0.0","0","4715355"
"4239934","AJ Dillon","7","RB","0.0","0.0","0.0","0.0","0.0","0","4239934"
"4361409","Jahan Dotson","7","WR","0.0","0.0","0.0","0.0","0.0","0","4361409"
"4427278","Xavier Gipson","7","WR","0.0","0.0","0.0","0.0","0.0","0","4427278"
"3121023","Dallas Goedert","7","TE","0.0","0.0","0.0","0.0","0.0","0","3121023"
"4039160","Kylen Granson","7","TE","0.0","0.0","0.0","0.0","0.0","0","4039160"
"4426875","Sam Howell","7","QB","0.0","0.0","0.0","0.0","0.0","0","4426875"
"4372026","Cameron Latu","7","TE","0.0","0.0","0.0","0.0","0.0","0","4372026"
"4685201","Tanner McKee","7","QB","0.0","0.0","0.0","0.0","0.0","0","4685201"
"4431545","Will Shipley","7","RB","0.0","0.0","0.0","0.0","0.0","0","4431545"
"4241478","DeVonta Smith","7","WR","0.0","0.0","0.0","0.0","0.0","0","4241478"
"4686104","Johnny Wilson","7","WR","0.0","0.0","0.0","0.0","0.0","0","4686104"
"3926231","Britain Covey","7","WR","0.0","0.0","0.0","0.0","0.0","0","3926231"
"4248557","E.J. Jenkins","7","TE","0.0","0.0","0.0","0.0","0.0","0","4248557"
"4362630","Terrace Marshall Jr.","7","WR","0.0","0.0","0.0","0.0","0.0","0","4362630"
"4433971","Kyle McCord","7","QB","0.0","0.0","0.0","0.0","0.0","0","4433971"
"4050373","Quez Watkins","7","WR","0.0","0.0","0.0","0.0","0.0","0","4050373"
"3914151","Josiah Deguara","7","TE","0.0","0.0","0.0","0.0","0.0","0","3914151"
"4362478","Emari Demercado","7","RB","0.0","0.0","0.0","0.0","0.0","0","4362478"
"4037235","Greg Dortch","7","WR","0.0","0.0","0.0","0.0","0.0","0","4037235"
"4360739","Simi Fehoko","7","WR","0.0","0.0","0.0","0.0","0.0","0","4360739"
"4432708","Marvin Harrison Jr.","7","WR","0.0","0.0","0.0","0.0","0.0","0","4432708"
"4426844","Elijah Higgins","7","TE","0.0","0.0","0.0","0.0","0.0","0","4426844"
"3059722","Zay Jones","7","WR","0.0","0.0","0.0","0.0","0.0","0","3059722"
"4427728","Bam Knight","7","RB","0.0","0.0","0.0","0.0","0.0","0","4427728"
"4361307","Trey McBride","7","TE","0.0","0.0","0.0","0.0","0.0","0","4361307"
"4428512","Kedon Slovis","7","QB","0.0","0.0","0.0","0.0","0.0","0","4428512"
"4428811","Xavier Weaver","7","WR","0.0","0.0","0.0","0.0","0.0","0","4428811"
"4360761","Michael Wilson","7","WR","0.0","0.0","0.0","0.0","0.0","0","4360761"
"4429275","Trey Benson","7","RB","0.0","0.0","0.0","0.0","0.0","0","4429275"
"3045147","James Conner","7","RB","0.0","0.0","0.0","0.0","0.0","0","3045147"
"4696700","Tip Reiman","7","TE","0.0","0.0","0.0","0.0","0.0","0","4696700"
"4259324","Travis Vokolek","7","TE","0.0","0.0","0.0","0.0","0.0","0","4259324"
"3886809","Andre Baccellia","7","WR","0.0","0.0","0.0","0.0","0.0","0","3886809"
"2971281","Pharaoh Brown","7","TE","0.0","0.0","0.0","0.0","0.0","0","2971281"
"4240657","Michael Carter","7","RB","0.0","0.0","0.0","0.0","0.0","0","4240657"
"4374033","Jermar Jefferson","7","RB","0.0","0.0","0.0","0.0","0.0","0","4374033"
"4875912","Tejhaun Palmer","7","WR","0.0","0.0","0.0","0.0","0.0","0","4875912"
"4243389","Calvin Austin III","7","WR","0.0","0.0","0.0","0.0","0.0","0","4243389"
"4361411","Pat Freiermuth","7","TE","0.0","0.0","0.0","0.0","0.0","0","4361411"
"4371733","Kenneth Gainwell","7","RB","0.0","0.0","0.0","0.0","0.0","0","4371733"
"4241961","Connor Heyward","7","TE","0.0","0.0","0.0","0.0","0.0","0","4241961"
"4819231","Kaleb Johnson","7","RB","0.0","0.0","0.0","0.0","0.0","0","4819231"
"4047650","DK Metcalf","7","WR","0.0","0.0","0.0","0.0","0.0","0","4047650"
"3914397","Scotty Miller","7","WR","0.0","0.0","0.0","0.0","0.0","0","3914397"
"4035656","Ben Skowronek","7","WR","0.0","0.0","0.0","0.0","0.0","0","4035656"
"3054212","Jonnu Smith","7","TE","0.0","0.0","0.0","0.0","0.0","0","3054212"
"4569987","Jaylen Warren","7","RB","0.0","0.0","0.0","0.0","0.0","0","4569987"
"4430802","Darnell Washington","7","TE","0.0","0.0","0.0","0.0","0.0","0","4430802"
"4570738","Ke'Shawn Williams","7","WR","0.0","0.0","0.0","0.0","0.0","0","4570738"
"4431492","Roman Wilson","7","WR","0.0","0.0","0.0","0.0","0.0","0","4431492"
"4429955","Will Howard","7","QB","0.0","0.0","0.0","0.0","0.0","0","4429955"
"3912092","Donald Parham Jr.","7","TE","0.0","0.0","0.0","0.0","0.0","0","3912092"
"4036419","Skylar Thompson","7","QB","0.0","0.0","0.0","0.0","0.0","0","4036419"
"4242540","Isaiah Hodgins","7","WR","0.0","0.0","0.0","0.0","0.0","0","4242540"
"4694237","Max Hurleman","7","RB","0.0","0.0","0.0","0.0","0.0","0","4694237"
"4428119","Lew Nichols","7","RB","0.0","0.0","0.0","0.0","0.0","0","4428119"
"4426494","John Rhys Plumlee","7","QB","0.0","0.0","0.0","0.0","0.0","0","4426494"
"4241401","Trey Sermon","7","RB","0.0","0.0","0.0","0.0","0.0","0","4241401"
"3121378","Matt Sokol","7","TE","0.0","0.0","0.0","0.0","0.0","0","3121378"
"15818","Keenan Allen","7","WR","0.0","0.0","0.0","0.0","0.0","0","15818"
"3915486","Tyler Conklin","7","TE","0.0","0.0","0.0","0.0","0.0","0","3915486"
"4362477","Derius Davis","7","WR","0.0","0.0","0.0","0.0","0.0","0","4362477"
"3127292","Will Dissly","7","TE","0.0","0.0","0.0","0.0","0.0","0","3127292"
"4242558","Tucker Fisk","7","TE","0.0","0.0","0.0","0.0","0.0","0","4242558"
"4595342","Oronde Gadsden II","7","TE","0.0","0.0","0.0","0.0","0.0","0","4595342"
"4686612","Tre' Harris","7","WR","0.0","0.0","0.0","0.0","0.0","0","4686612"
"4372071","Hassan Haskins","7","RB","0.0","0.0","0.0","0.0","0.0","0","4372071"
"4038941","Justin Herbert","7","QB","0.0","0.0","0.0","0.0","0.0","0","4038941"
"4429025","Quentin Johnston","7","WR","0.0","0.0","0.0","0.0","0.0","0","4429025"
"4430870","KeAndre Lambert-Smith","7","WR","0.0","0.0","0.0","0.0","0.0","0","4430870"
"4612826","Ladd McConkey","7","WR","0.0","0.0","0.0","0.0","0.0","0","4612826"
"4430968","Kimani Vidal","7","RB","0.0","0.0","0.0","0.0","0.0","0","4430968"
"4685382","Omarion Hampton","7","RB","0.0","0.0","0.0","0.0","0.0","0","4685382"
"4241457","Najee Harris","7","RB","0.0","0.0","0.0","0.0","0.0","0","4241457"
"4569372","Dalevon Campbell","7","WR","0.0","0.0","0.0","0.0","0.0","0","4569372"
"5160748","JaQuae Jackson","7","WR","0.0","0.0","0.0","0.0","0.0","0","5160748"
"4878878","Amar Johnson","7","RB","0.0","0.0","0.0","0.0","0.0","0","4878878"
"4362452","Jaret Patterson","7","RB","0.0","0.0","0.0","0.0","0.0","0","4362452"
"4429020","DJ Uiagalelei","7","QB","0.0","0.0","0.0","0.0","0.0","0","4429020"
"4035222","Trayveon Williams","7","RB","0.0","0.0","0.0","0.0","0.0","0","4035222"
"4361027","Thomas Yassmin","7","TE","0.0","0.0","0.0","0.0","0.0","0","4361027"
"3045523","Kendrick Bourne","7","WR","0.0","0.0","0.0","0.0","0.0","0","3045523"
"4040612","Luke Farrell","7","TE","0.0","0.0","0.0","0.0","0.0","0","4040612"
"4372561","Isaac Guerendo","7","RB","0.0","0.0","0.0","0.0","0.0","0","4372561"
"4685397","Jordan James","7","RB","0.0","0.0","0.0","0.0","0.0","0","4685397"
"3886598","Jauan Jennings","7","WR","0.0","0.0","0.0","0.0","0.0","0","3886598"
"4241464","Mac Jones","7","QB","0.0","0.0","0.0","0.0","0.0","0","4241464"
"3040151","George Kittle","7","TE","0.0","0.0","0.0","0.0","0.0","0","3040151"
"4361182","Adrian Martinez","7","QB","0.0","0.0","0.0","0.0","0.0","0","4361182"
"3117251","Christian McCaffrey","7","RB","0.0","0.0","0.0","0.0","0.0","0","3117251"
"4430191","Skyy Moore","7","WR","0.0","0.0","0.0","0.0","0.0","0","4430191"
"4428209","Ricky Pearsall","7","WR","0.0","0.0","0.0","0.0","0.0","0","4428209"
"3043116","Demarcus Robinson","7","WR","0.0","0.0","0.0","0.0","0.0","0","3043116"
"4241474","Brian Robinson Jr.","7","RB","0.0","0.0","0.0","0.0","0.0","0","4241474"
"4259147","Jake Tonges","7","TE","0.0","0.0","0.0","0.0","0.0","0","4259147"
"4431466","Jordan Watkins","7","WR","0.0","0.0","0.0","0.0","0.0","0","4431466"
"4360438","Brandon Aiyuk","7","WR","0.0","0.0","0.0","0.0","0.0","0","4360438"
"4575665","Jacob Cowing","7","WR","0.0","0.0","0.0","0.0","0.0","0","4575665"
"4430431","Kurtis Rourke","7","QB","0.0","0.0","0.0","0.0","0.0","0","4430431"
"3040569","Trent Taylor","7","WR","0.0","0.0","0.0","0.0","0.0","0","3040569"
"4039358","Patrick Taylor Jr.","7","RB","0.0","0.0","0.0","0.0","0.0","0","4039358"
"4887918","Junior Bergen","7","WR","0.0","0.0","0.0","0.0","0.0","0","4887918"
"3115378","Russell Gage Jr.","7","WR","0.0","0.0","0.0","0.0","0.0","0","3115378"
"4430104","Sincere McCormick","7","RB","0.0","0.0","0.0","0.0","0.0","0","4430104"
"3115928","Malik Turner","7","WR","0.0","0.0","0.0","0.0","0.0","0","3115928"
"4360290","Brayden Willis","7","TE","0.0","0.0","0.0","0.0","0.0","0","4360290"
"4678006","Elijah Arroyo","7","TE","0.0","0.0","0.0","0.0","0.0","0","4678006"
"4576297","AJ Barner","7","TE","0.0","0.0","0.0","0.0","0.0","0","4576297"
"4360405","Jake Bobo","7","WR","0.0","0.0","0.0","0.0","0.0","0","4360405"
"4426385","Zach Charbonnet","7","RB","0.0","0.0","0.0","0.0","0.0","0","4426385"
"4429835","George Holani","7","RB","0.0","0.0","0.0","0.0","0.0","0","4429835"
"4597703","Tory Horton","7","WR","0.0","0.0","0.0","0.0","0.0","0","4597703"
"4569547","Nick Kallerup","7","TE","0.0","0.0","0.0","0.0","0.0","0","4569547"
"4432734","Jalen Milroe","7","QB","0.0","0.0","0.0","0.0","0.0","0","4432734"
"2975863","Eric Saubert","7","TE","0.0","0.0","0.0","0.0","0.0","0","2975863"
"4430878","Jaxon Smith-Njigba","7","WR","0.0","0.0","0.0","0.0","0.0","0","4430878"
"4567048","Kenneth Walker III","7","RB","0.0","0.0","0.0","0.0","0.0","0","4567048"
"4401805","Dareke Young","7","WR","0.0","0.0","0.0","0.0","0.0","0","4401805"
"4427391","Kenny McIntosh","7","RB","0.0","0.0","0.0","0.0","0.0","0","4427391"
"4429313","Tyrone Broden","7","WR","0.0","0.0","0.0","0.0","0.0","0","4429313"
"4565172","Courtney Jackson","7","WR","0.0","0.0","0.0","0.0","0.0","0","4565172"
"4035693","Velus Jones Jr.","7","RB","0.0","0.0","0.0","0.0","0.0","0","4035693"
"4241983","Cody White","7","WR","0.0","0.0","0.0","0.0","0.0","0","4241983"
"4431479","Ricky White III","7","WR","0.0","0.0","0.0","0.0","0.0","0","4431479"
"4428943","Jacardia Wright","7","RB","0.0","0.0","0.0","0.0","0.0","0","4428943"
"16728","Teddy Bridgewater","7","QB","0.0","0.0","0.0","0.0","0.0","0","16728"
"4361112","Devin Culp","7","TE","0.0","0.0","0.0","0.0","0.0","0","4361112"
"4372505","Payne Durham","7","TE","0.0","0.0","0.0","0.0","0.0","0","4372505"
"4567750","Emeka Egbuka","7","WR","0.0","0.0","0.0","0.0","0.0","0","4567750"
"3116165","Chris Godwin Jr.","7","WR","0.0","0.0","0.0","0.0","0.0","0","3116165"
"4596448","Bucky Irving","7","RB","0.0","0.0","0.0","0.0","0.0","0","4596448"
"5097554","Kameron Johnson","7","WR","0.0","0.0","0.0","0.0","0.0","0","5097554"
"4608810","Tez Johnson","7","WR","0.0","0.0","0.0","0.0","0.0","0","4608810"
"4369466","Ryan Miller","7","WR","0.0","0.0","0.0","0.0","0.0","0","4369466"
"4243331","Cade Otton","7","TE","0.0","0.0","0.0","0.0","0.0","0","4243331"
"2976592","Sterling Shepard","7","WR","0.0","0.0","0.0","0.0","0.0","0","2976592"
"4430871","Sean Tucker","7","RB","0.0","0.0","0.0","0.0","0.0","0","4430871"
"4697815","Rachaad White","7","RB","0.0","0.0","0.0","0.0","0.0","0","4697815"
"4568024","Josh Williams","7","RB","0.0","0.0","0.0","0.0","0.0","0","4568024"
"16737","Mike Evans","7","WR","0.0","0.0","0.0","0.0","0.0","0","16737"
"4034779","Ko Kieft","7","TE","0.0","0.0","0.0","0.0","0.0","0","4034779"
"4430834","Jalen McMillan","7","WR","0.0","0.0","0.0","0.0","0.0","0","4430834"
"4581750","Jaden Smith","7","WR","0.0","0.0","0.0","0.0","0.0","0","4581750"
"4426444","Connor Bazelak","7","QB","0.0","0.0","0.0","0.0","0.0","0","4426444"
"4429847","Garrett Greene","7","WR","0.0","0.0","0.0","0.0","0.0","0","4429847"
"4572786","Dennis Houston","7","WR","0.0","0.0","0.0","0.0","0.0","0","4572786"
"4035198","Brandon Johnson","7","WR","0.0","0.0","0.0","0.0","0.0","0","4035198"
"4248052","Tanner Taula","7","TE","0.0","0.0","0.0","0.0","0.0","0","4248052"
"4569156","Michael Wiley","7","RB","0.0","0.0","0.0","0.0","0.0","0","4569156"
"4249616","Owen Wright","7","RB","0.0","0.0","0.0","0.0","0.0","0","4249616"
"4048228","John Bates","7","TE","0.0","0.0","0.0","0.0","0.0","0","4048228"
"4575131","Jacory Croskey-Merritt","7","RB","0.0","0.0","0.0","0.0","0.0","0","4575131"
"15835","Zach Ertz","7","TE","0.0","0.0","0.0","0.0","0.0","0","15835"
"11394","Josh Johnson","7","QB","0.0","0.0","0.0","0.0","0.0","0","11394"
"4602667","Jaylin Lane","7","WR","0.0","0.0","0.0","0.0","0.0","0","4602667"
"4426948","Luke McCaffrey","7","WR","0.0","0.0","0.0","0.0","0.0","0","4426948"
"3121422","Terry McLaurin","7","WR","0.0","0.0","0.0","0.0","0.0","0","3121422"
"3127586","Jeremy McNichols","7","RB","0.0","0.0","0.0","0.0","0.0","0","3127586"
"2576581","Chris Moore","7","WR","0.0","0.0","0.0","0.0","0.0","0","2576581"
"4362619","Chris Rodriguez Jr.","7","RB","0.0","0.0","0.0","0.0","0.0","0","4362619"
"3126486","Deebo Samuel","7","WR","0.0","0.0","0.0","0.0","0.0","0","3126486"
"4690923","Ben Sinnott","7","TE","0.0","0.0","0.0","0.0","0.0","0","4690923"
"4361088","Colson Yankoff","7","TE","0.0","0.0","0.0","0.0","0.0","0","4361088"
"3121409","Noah Brown","7","WR","0.0","0.0","0.0","0.0","0.0","0","3121409"
"3068267","Austin Ekeler","7","RB","0.0","0.0","0.0","0.0","0.0","0","3068267"
"3916564","Tyree Jackson","7","TE","0.0","0.0","0.0","0.0","0.0","0","3916564"
"4431506","Ja'Corey Brooks","7","WR","0.0","0.0","0.0","0.0","0.0","0","4431506"
"4567156","Treylon Burks","7","WR","0.0","0.0","0.0","0.0","0.0","0","4567156"
"3917849","Lawrence Cager","7","WR","0.0","0.0","0.0","0.0","0.0","0","3917849"
"2574808","Robbie Chosen","7","WR","0.0","0.0","0.0","0.0","0.0","0","2574808"
"3119195","Chase Edmonds","7","RB","0.0","0.0","0.0","0.0","0.0","0","3119195"
"4431536","Donovan Edwards","7","RB","0.0","0.0","0.0","0.0","0.0","0","4431536"
"4361994","Sam Hartman","7","QB","0.0","0.0","0.0","0.0","0.0","0","4361994"
"5083297","Jacoby Jones","7","WR","0.0","0.0","0.0","0.0","0.0","0","5083297"
"4695883","Jalen Coker","7","WR","0.0","0.0","0.0","0.0","0.0","0","4695883"
"4240631","DeeJay Dallas","7","RB","0.0","0.0","0.0","0.0","0.0","0","4240631"
"4038815","Rico Dowdle","7","RB","0.0","0.0","0.0","0.0","0.0","0","4038815"
"4685350","Trevor Etienne","7","RB","0.0","0.0","0.0","0.0","0.0","0","4685350"
"4683243","Mitchell Evans","7","TE","0.0","0.0","0.0","0.0","0.0","0","4683243"
"4708486","Jimmy Horn Jr.","7","WR","0.0","0.0","0.0","0.0","0.0","0","4708486"
"4241416","Chuba Hubbard","7","RB","0.0","0.0","0.0","0.0","0.0","0","4241416"
"4430034","Xavier Legette","7","WR","0.0","0.0","0.0","0.0","0.0","0","4430034"
"4685472","Tetairoa McMillan","7","WR","0.0","0.0","0.0","0.0","0.0","0","4685472"
"4361988","James Mitchell","7","TE","0.0","0.0","0.0","0.0","0.0","0","4361988"
"3135321","Hunter Renfrow","7","WR","0.0","0.0","0.0","0.0","0.0","0","3135321"
"4431588","Ja'Tavion Sanders","7","TE","0.0","0.0","0.0","0.0","0.0","0","4431588"
"4360763","Brycen Tremayne","7","WR","0.0","0.0","0.0","0.0","0.0","0","4360763"
"4372780","Tommy Tremble","7","TE","0.0","0.0","0.0","0.0","0.0","0","4372780"
"3051381","Mike White","7","QB","0.0","0.0","0.0","0.0","0.0","0","3051381"
"4685720","Bryce Young","7","QB","0.0","0.0","0.0","0.0","0.0","0","4685720"
"4678008","Jonathon Brooks","7","RB","0.0","0.0","0.0","0.0","0.0","0","4678008"
"4212909","David Moore","7","WR","0.0","0.0","0.0","0.0","0.0","0","4212909"
"3929637","Dan Chisena","7","WR","0.0","0.0","0.0","0.0","0.0","0","3929637"
"4240858","Hendon Hooker","7","QB","0.0","0.0","0.0","0.0","0.0","0","4240858"
"5082648","Bryce Pierre","7","TE","0.0","0.0","0.0","0.0","0.0","0","5082648"
"4876995","Ja'seem Reed","7","WR","0.0","0.0","0.0","0.0","0.0","0","4876995"
"4428532","Ainias Smith","7","WR","0.0","0.0","0.0","0.0","0.0","0","4428532"
"4709392","Anthony Tyus III","7","RB","0.0","0.0","0.0","0.0","0.0","0","4709392"
"4911851","LeQuint Allen Jr.","7","RB","0.0","0.0","0.0","0.0","0.0","0","4911851"
"4361577","Dyami Brown","7","WR","0.0","0.0","0.0","0.0","0.0","0","4361577"
"4239996","Travis Etienne Jr.","7","RB","0.0","0.0","0.0","0.0","0.0","0","4239996"
"4685415","Travis Hunter","7","WR","0.0","0.0","0.0","0.0","0.0","0","4685415"
"4239944","Hunter Long","7","TE","0.0","0.0","0.0","0.0","0.0","0","4239944"
"4244049","Quintin Morris","7","TE","0.0","0.0","0.0","0.0","0.0","0","4244049"
"3059989","Nick Mullens","7","QB","0.0","0.0","0.0","0.0","0.0","0","3059989"
"3052096","Johnny Mundt","7","TE","0.0","0.0","0.0","0.0","0.0","0","3052096"
"3134353","Tim Patrick","7","WR","0.0","0.0","0.0","0.0","0.0","0","3134353"
"4391845","Cody Schrader","7","RB","0.0","0.0","0.0","0.0","0.0","0","4391845"
"4432773","Brian Thomas Jr.","7","WR","0.0","0.0","0.0","0.0","0.0","0","4432773"
"4882093","Bhayshul Tuten","7","RB","0.0","0.0","0.0","0.0","0.0","0","4882093"
"4432620","Parker Washington","7","WR","0.0","0.0","0.0","0.0","0.0","0","4432620"
"4426893","Joshua Cephus","7","WR","0.0","0.0","0.0","0.0","0.0","0","4426893"
"4430539","Brenton Strange","7","TE","0.0","0.0","0.0","0.0","0.0","0","4430539"
"3128452","Jordan Akins","7","TE","0.0","0.0","0.0","0.0","0.0","0","3128452"
"4362260","Carter Bradley","7","QB","0.0","0.0","0.0","0.0","0.0","0","4362260"
"4573243","Chandler Brayboy","7","WR","0.0","0.0","0.0","0.0","0.0","0","4573243"
"4429811","Patrick Herbert","7","TE","0.0","0.0","0.0","0.0","0.0","0","4429811"
"4379769","Qadir Ismail","7","TE","0.0","0.0","0.0","0.0","0.0","0","4379769"
"4690972","Ja'Quinden Jackson","7","RB","0.0","0.0","0.0","0.0","0.0","0","4690972"
"4245131","Tim Jones","7","WR","0.0","0.0","0.0","0.0","0.0","0","4245131"
"4244856","Austin Trammell","7","WR","0.0","0.0","0.0","0.0","0.0","0","4244856"
